file,status,summary
AdminAccountBackendReadabilityTest.php,PASS,OK (1 test; 47 assertions)
AdminAccountCreatePrimaryKeyBoundaryClosureModuleTest.php,PASS,OK (2 tests; 14 assertions)
AdminAccountDeleteRouteTargetBoundaryClosureModuleTest.php,KILLED,
AdminAccountFieldModuleTest.php,PASS,OK (3 tests; 19 assertions)
AdminAccountListPasswordHiddenClosureModuleTest.php,KILLED,
AdminAccountListSoftDeleteBoundaryClosureModuleTest.php,PASS,OK (2 tests; 16 assertions)
AdminAccountResetPasswordClosureModuleTest.php,PASS,OK (3 tests; 25 assertions)
AdminAccountRoleStatusValidationClosureModuleTest.php,PASS,OK (3 tests; 21 assertions)
AdminAccountRouteIdValidationClosureModuleTest.php,PASS,OK (4 tests; 25 assertions)
AdminAccountRouteTargetBoundaryClosureModuleTest.php,PASS,OK (2 tests; 18 assertions)
AdminAccountUniqueIdentityClosureModuleTest.php,PASS,OK (3 tests; 20 assertions)
AdminAccountUpdateBlankPasswordClosureModuleTest.php,PASS,OK (2 tests; 16 assertions)
AdminAdminsJsCommentReadabilityTest.php,PASS,OK (2 tests; 15 assertions)
AdminAgentCommissionAgentIdValidationClosureModuleTest.php,PASS,OK (2 tests; 10 assertions)
AdminAgentConfirmationApproveRemarkClosureModuleTest.php,PASS,OK (2 tests; 10 assertions)
AdminAgentConfirmationModuleTest.php,PASS,OK (5 tests; 42 assertions)
AdminAgentDescendantsAgentIdValidationClosureModuleTest.php,PASS,OK (2 tests; 9 assertions)
AdminAgentDescendantsModuleTest.php,PASS,OK (2 tests; 43 assertions)
AdminAgentDetailAgentIdValidationClosureModuleTest.php,PASS,OK (2 tests; 9 assertions)
AdminAgentExportModuleTest.php,PASS,OK (6 tests; 30 assertions)
AdminAgentLevelAgentIdValidationClosureModuleTest.php,PASS,OK (2 tests; 10 assertions)
AdminAgentLevelCommissionValidationClosureModuleTest.php,PASS,OK (3 tests; 17 assertions)
AdminAgentLevelExistsValidationClosureModuleTest.php,PASS,OK (2 tests; 9 assertions)
AdminAgentLevelRouteIdValidationClosureModuleTest.php,PASS,OK (3 tests; 19 assertions)
AdminAgentLevelsJsCommentReadabilityTest.php,PASS,OK (2 tests; 16 assertions)
AdminAgentLevelUpdateFieldModuleTest.php,PASS,OK (3 tests; 8 assertions)
AdminAgentListExportAgentIdValidationClosureModuleTest.php,PASS,OK (3 tests; 14 assertions)
AdminAgentOperationPermissionMigrationTest.php,PASS,OK (1 test; 31 assertions)
AdminAgentRejectReasonTrimValidationClosureModuleTest.php,PASS,OK (2 tests; 12 assertions)
AdminAgentStatsDataScopeTest.php,PASS,OK (4 tests; 33 assertions)
AdminAgentStatsModuleTest.php,PASS,OK (7 tests; 50 assertions)
AdminAgentStatsUserIdValidationClosureModuleTest.php,PASS,OK (2 tests; 9 assertions)
AdminAuthControllerCommentReadabilityTest.php,PASS,OK (1 test; 35 assertions)
AdminAuthenticateMiddlewareLocalizationTest.php,PASS,OK (2 tests; 8 assertions)
AdminAuthenticationModuleTest.php,PASS,OK (6 tests; 45 assertions)
AdminAuthenticationUserIdValidationClosureModuleTest.php,PASS,OK (3 tests; 13 assertions)
AdminAuthModelCommentReadabilityTest.php,PASS,OK (1 test; 32 assertions)
AdminAuthReviewMt4SyncClosureModuleTest.php,PASS,OK (3 tests; 16 assertions)
AdminBatchAmountImportModuleTest.php,PASS,OK (8 tests; 94 assertions)
AdminBatchAmountImportMt4SyncClosureModuleTest.php,PASS,OK (7 tests; 53 assertions)
AdminBatchAmountImportNumericFilterValidationClosureModuleTest.php,PASS,OK (3 tests; 54 assertions)
AdminBatchAmountImportPermissionMigrationTest.php,PASS,OK (1 test; 37 assertions)
AdminBatchAmountImportRetryModuleTest.php,PASS,OK (7 tests; 49 assertions)
AdminBatchAmountImportStuckProcessingRecoveryClosureModuleTest.php,PASS,OK (3 tests; 14 assertions)
AdminBatchCreditImportModuleTest.php,PASS,OK (7 tests; 49 assertions)
AdminBatchCreditImportMt4SyncClosureModuleTest.php,PASS,OK (6 tests; 44 assertions)
AdminBatchCreditImportNumericFilterValidationClosureModuleTest.php,PASS,OK (3 tests; 33 assertions)
AdminBatchCreditImportPermissionMigrationTest.php,PASS,OK (1 test; 22 assertions)
AdminBatchCreditImportRetryModuleTest.php,PASS,OK (7 tests; 27 assertions)
AdminBatchImportRetryRouteIdValidationClosureModuleTest.php,PASS,OK (3 tests; 20 assertions)
AdminBigAgentBackendFieldAlignmentTest.php,PASS,OK (1 test; 38 assertions)
AdminBigAgentIdStatusValidationClosureModuleTest.php,PASS,OK (5 tests; 26 assertions)
AdminBigAgentsCommentReadabilityTest.php,PASS,OK (2 tests; 52 assertions)
AdminBigAgentSubAgentIntegrityClosureTest.php,PASS,OK (2 tests; 20 assertions)
AdminBigAgentWriteClosureTest.php,PASS,OK (3 tests; 19 assertions)
AdminBigNumberModuleTest.php,PASS,OK (3 tests; 16 assertions)
AdminBlacklistCommentReadabilityTest.php,PASS,OK (2 tests; 41 assertions)
AdminBlacklistRouteIdValidationClosureModuleTest.php,PASS,OK (3 tests; 19 assertions)
AdminBladeButtonPermissionCoverageTest.php,KILLED,
AdminBladeButtonPermissionRouteCoverageTest.php,PASS,OK (1 test; 369 assertions)
AdminBladeLoginControllerLocalizationTest.php,KILLED,
AdminBladeLoginViewConsistencyTest.php,PASS,OK (2 tests; 14 assertions)
AdminBladeModuleCoverageTest.php,KILLED,
AdminBladePagePanelModernizationTest.php,PASS,OK (1 test; 1 assertion)
AdminBladeUiTest.php,KILLED,
AdminBusinessPermissionMigrationTest.php,PASS,OK (1 test; 169 assertions)
AdminButtonPermissionVisibilityTest.php,PASS,OK (2 tests; 37 assertions)
AdminCancelAppliesCommentReadabilityTest.php,PASS,OK (2 tests; 37 assertions)
AdminCancelApplyApproveMt4ClosureModuleTest.php,PASS,OK (2 tests; 13 assertions)
AdminCancelApplyAtomicStorageClosureModuleTest.php,PASS,OK (2 tests; 4 assertions)
AdminCancelApplyDataScopeClosureTest.php,PASS,OK (1 test; 11 assertions)
AdminCancelApplyLifecycleClosureModuleTest.php,KILLED,
AdminCancelApplyListStatusFilterValidationClosureModuleTest.php,PASS,OK (2 tests; 8 assertions)
AdminCancelApplyReviewModuleTest.php,KILLED,
AdminCancelApplyRouteIdValidationClosureModuleTest.php,PASS,OK (3 tests; 21 assertions)
AdminChannelsJsCommentReadabilityTest.php,PASS,OK (2 tests; 17 assertions)
AdminCheckPermissionMiddlewareReadabilityTest.php,PASS,OK (1 test; 23 assertions)
AdminChineseCommentReadabilityTest.php,PASS,OK (3 tests; 1351 assertions)
AdminCommissionListAgentIdValidationClosureModuleTest.php,PASS,OK (2 tests; 8 assertions)
AdminCommissionListSettleStatusValidationClosureModuleTest.php,PASS,OK (4 tests; 14 assertions)
AdminCommissionRequestIdValidationClosureModuleTest.php,PASS,OK (2 tests; 9 assertions)
AdminCommissionsCommentReadabilityTest.php,PASS,OK (2 tests; 40 assertions)
AdminCommissionTransferReconciliationClosureModuleTest.php,PASS,OK (9 tests; 159 assertions)
AdminCommissionTransferReconciliationMigrationRuntimeTest.php,PASS,OK (2 tests; 26 assertions)
AdminCommonJsCommentReadabilityTest.php,PASS,OK (2 tests; 15 assertions)
AdminCommonRuntimeLocalizationTest.php,PASS,OK (2 tests; 6 assertions)
AdminConfigCrudPermissionMigrationTest.php,PASS,OK (2 tests; 39 assertions)
AdminConfigVoucherModelCommentReadabilityTest.php,PASS,OK (2 tests; 81 assertions)
AdminContentAuthGiftModelCommentReadabilityTest.php,PASS,OK (2 tests; 69 assertions)
AdminContentCrudPermissionMigrationTest.php,PASS,OK (2 tests; 85 assertions)
AdminControllerCommentReadabilityTest.php,PASS,OK (1 test; 13 assertions)
AdminCoreMt4ModelCommentReadabilityTest.php,PASS,OK (2 tests; 108 assertions)
AdminCorePermissionMigrationTest.php,PASS,OK (1 test; 41 assertions)
AdminCrmUiBackendFieldAlignmentTest.php,PASS,OK (11 tests; 67 assertions)
AdminCrudUiControlsTest.php,PASS,OK (9 tests; 83 assertions)
AdminCssCommentReadabilityTest.php,PASS,OK (2 tests; 15 assertions)
AdminDashboardControllerCommentReadabilityTest.php,PASS,OK (1 test; 11 assertions)
AdminDashboardControllerLocalizationTest.php,PASS,OK (2 tests; 6 assertions)
AdminDataScopeBindingDeleteIdValidationClosureModuleTest.php,PASS,OK (2 tests; 8 assertions)
AdminDataScopeBindingListAdminIdValidationClosureModuleTest.php,PASS,OK (2 tests; 7 assertions)
AdminDataScopeControllerWiringTest.php,PASS,OK (4 tests; 23 assertions)
AdminDataScopeJsCommentReadabilityTest.php,PASS,OK (2 tests; 17 assertions)
AdminDataScopeManagementTest.php,PASS,OK (4 tests; 14 assertions)
AdminDataScopeRoleIdListValidationClosureModuleTest.php,PASS,OK (3 tests; 12 assertions)
AdminDataScopeRuntimeLocalizationTest.php,PASS,OK (2 tests; 86 assertions)
AdminDataScopeSchemaCommentReadabilityTest.php,PASS,OK (2 tests; 60 assertions)
AdminDataScopeServiceTest.php,PASS,OK (6 tests; 11 assertions)
AdminDepositApproveSettlementClosureModuleTest.php,PASS,OK (3 tests; 13 assertions)
AdminDepositListStatusFilterValidationClosureModuleTest.php,PASS,OK (3 tests; 48 assertions)
AdminDepositListUserIdValidationClosureModuleTest.php,PASS,OK (2 tests; 8 assertions)
AdminDepositRequestIdValidationClosureModuleTest.php,PASS,OK (4 tests; 18 assertions)
AdminDepositsJsCommentReadabilityTest.php,PASS,OK (2 tests; 17 assertions)
AdminExceptionMessageLocalizationTest.php,PASS,OK (2 tests; 50 assertions)
AdminExchangeRateModuleTest.php,PASS,OK (6 tests; 32 assertions)
AdminFinanceConfigModelCommentReadabilityTest.php,PASS,OK (2 tests; 51 assertions)
AdminFundFlowModuleTest.php,PASS,OK (8 tests; 71 assertions)
AdminFundFlowPermissionMigrationTest.php,PASS,OK (1 test; 31 assertions)
AdminFundModelCommentReadabilityTest.php,PASS,OK (2 tests; 52 assertions)
AdminGiftAddressDefaultFilterValidationClosureModuleTest.php,PASS,OK (2 tests; 9 assertions)
AdminGiftDataScopeClosureModuleTest.php,PASS,OK (6 tests; 24 assertions)
AdminGiftItemNumericFilterValidationClosureModuleTest.php,PASS,OK (3 tests; 12 assertions)
AdminGiftModuleTest.php,PASS,OK (19 tests; 206 assertions)
AdminGiftUserIdValidationClosureModuleTest.php,PASS,OK (4 tests; 24 assertions)
AdminGroupConfigRouteIdValidationClosureModuleTest.php,PASS,OK (3 tests; 21 assertions)
AdminGroupConfigsCommentReadabilityTest.php,PASS,OK (2 tests; 59 assertions)
AdminGroupConfigValueValidationClosureModuleTest.php,PASS,OK (3 tests; 20 assertions)
AdminLayoutJsCommentReadabilityTest.php,PASS,OK (2 tests; 18 assertions)
AdminLayoutShellReadabilityTest.php,PASS,OK (2 tests; 19 assertions)
AdminLayoutUiModernizationTest.php,PASS,OK (2 tests; 33 assertions)
AdminLayoutUiReferenceDensityTest.php,PASS,OK (2 tests; 25 assertions)
AdminLayuiLayoutReadableChineseTest.php,PASS,OK (1 test; 20 assertions)
AdminLegacyAdministratorsClosureModuleTest.php,PASS,OK (7 tests; 49 assertions)
AdminLegacyAgentEditFailClosedTest.php,PASS,OK (1 test; 6 assertions)
AdminLegacyAgentEditInfoClosureModuleTest.php,PASS,OK (2 tests; 7 assertions)
AdminLegacyAgentEditSaveClosureModuleTest.php,PASS,OK (3 tests; 27 assertions)
AdminLegacyAgentStatisticsAdapterTest.php,PASS,OK (13 tests; 89 assertions)
AdminLegacyAgentUpdateDebugClosureModuleTest.php,PASS,OK (1 test; 6 assertions)
AdminLegacyAgentUserSaveClosureModuleTest.php,PASS,OK (5 tests; 19 assertions)
AdminLegacyAmountWithdrawClosureModuleTest.php,PASS,OK (12 tests; 64 assertions)
AdminLegacyAuthAndCustSearchClosureModuleTest.php,PASS,OK (8 tests; 55 assertions)
AdminLegacyBatchRetryPayloadCompatibilityTest.php,PASS,OK (4 tests; 16 assertions)
AdminLegacyBatchWithdrawApplyClosureModuleTest.php,PASS,OK (7 tests; 39 assertions)
AdminLegacyCancelApplyCompatibilityTest.php,PASS,OK (3 tests; 10 assertions)
AdminLegacyCustApplyApprovalClosureModuleTest.php,PASS,OK (5 tests; 15 assertions)
AdminLegacyExportDateFilterClosureModuleTest.php,PASS,OK (2 tests; 6 assertions)
AdminLegacyFundFlowClosureModuleTest.php,PASS,OK (4 tests; 62 assertions)
AdminLegacyIpAddressDetailClosureModuleTest.php,PASS,OK (3 tests; 9 assertions)
AdminLegacyLoginCaptchaClosureTest.php,PASS,OK (5 tests; 25 assertions)
AdminLegacyLoginCaptchaImageContractTest.php,PASS,OK (2 tests; 15 assertions)
AdminLegacyMigrationGapAuditTest.php,PASS,OK (7 tests; 155 assertions)
AdminLegacyMiscOperationsClosureModuleTest.php,PASS,OK (25 tests; 86 assertions)
AdminLegacyMutationMethodBoundaryClosureTest.php,PASS,OK (9 tests; 36 assertions)
AdminLegacyOneKeySearchClosureModuleTest.php,PASS,OK (3 tests; 17 assertions)
AdminLegacyOrderParentPathClosureModuleTest.php,PASS,OK (6 tests; 43 assertions)
AdminLegacyOrderRiskSearchClosureModuleTest.php,PASS,OK (12 tests; 61 assertions)
AdminLegacyOtcWithdrawOrderIdDetailClosureModuleTest.php,KILLED,
AdminLegacyPageRenderClosureModuleTest.php,KILLED,
AdminLegacyParameterResolverClosureTest.php,PASS,OK (2 tests; 4 assertions)
AdminLegacyPaymentChannelToggleClosureModuleTest.php,KILLED,
AdminLegacyRightsAutomaticConfirmFailClosedClosureModuleTest.php,PASS,OK (2 tests; 13 assertions)
AdminLegacyRightsManualConfirmClosureModuleTest.php,PASS,OK (3 tests; 10 assertions)
AdminLegacyRouteInventoryClosureTest.php,PASS,OK (1 test; 4 assertions)
AdminLegacyRouteSemanticClosureTest.php,PASS,OK (12 tests; 148 assertions)
AdminLegacyUnsafeMutationFailClosedTest.php,PASS,OK (1 test; 1 assertion)
AdminLegacyUpdateCurrOrderIdClosureModuleTest.php,PASS,OK (4 tests; 34 assertions)
AdminLegacyUserIdCardBankClosureModuleTest.php,PASS,OK (5 tests; 18 assertions)
AdminLegacyVoucherReviewStatusCompatibilityTest.php,PASS,OK (2 tests; 6 assertions)
AdminLocalizationTest.php,PASS,OK (2 tests; 10 assertions)
AdminLoginJsCommentReadabilityTest.php,PASS,OK (2 tests; 18 assertions)
AdminMenuAuditConfigModelCommentReadabilityTest.php,PASS,OK (2 tests; 68 assertions)
AdminMenuJsCommentReadabilityTest.php,PASS,OK (2 tests; 13 assertions)
AdminMenuRequestIdValidationClosureModuleTest.php,PASS,OK (3 tests; 13 assertions)
AdminModulesClosureTest.php,PASS,OK (50 tests; 51 assertions)
AdminNeverDepositUserListMinDaysValidationClosureModuleTest.php,PASS,OK (2 tests; 7 assertions)
AdminNeverDepositUserListUserIdValidationClosureModuleTest.php,PASS,OK (2 tests; 8 assertions)
AdminNewsCommentReadabilityTest.php,PASS,OK (2 tests; 55 assertions)
AdminNewsRouteIdValidationClosureModuleTest.php,PASS,OK (4 tests; 26 assertions)
AdminNewsToggleModuleTest.php,PASS,OK (1 test; 6 assertions)
AdminOnlineUserDataScopeClosureTest.php,PASS,OK (1 test; 8 assertions)
AdminOnlineUserForceOfflineSessionInvalidationTest.php,PASS,OK (3 tests; 15 assertions)
AdminOnlineUserListUserIdValidationClosureModuleTest.php,PASS,OK (2 tests; 8 assertions)
AdminOnlineUserModuleTest.php,PASS,OK (9 tests; 46 assertions)
AdminPageMenuPermissionCoverageTest.php,KILLED,Tests: 1; Assertions: 1; Failures: 1.
AdminPaymentChannelControllerCommentReadabilityTest.php,PASS,OK (1 test; 34 assertions)
AdminPaymentChannelRouteIdValidationClosureModuleTest.php,PASS,OK (4 tests; 26 assertions)
AdminPaymentChannelToggleModuleTest.php,PASS,OK (14 tests; 47 assertions)
AdminPermissionNameReferenceDocumentationTest.php,KILLED,Tests: 1; Assertions: 7; Failures: 1.
AdminPermissionNameReferenceRowCompletenessTest.php,KILLED,Tests: 1; Assertions: 2; Failures: 1.
AdminPermissionPlanTest.php,PASS,OK (4 tests; 9 assertions)
AdminPermissionRequestIdValidationClosureModuleTest.php,PASS,OK (3 tests; 13 assertions)
AdminPermissionsJsCommentReadabilityTest.php,PASS,OK (2 tests; 13 assertions)
AdminPositionSummaryDrilldownFrontendClosureModuleTest.php,PASS,OK (2 tests; 16 assertions)
AdminPositionSummaryModuleTest.php,PASS,OK (9 tests; 60 assertions)
AdminPositionSummaryMt4AccountLinkageClosureModuleTest.php,PASS,OK (4 tests; 83 assertions)
AdminPositionSummaryNumericFilterValidationClosureModuleTest.php,PASS,OK (3 tests; 27 assertions)
AdminPositionSummaryRiskDrilldownClosureModuleTest.php,PASS,OK (3 tests; 28 assertions)
AdminPositionSummaryTradeAccountMappingClosureModuleTest.php,PASS,OK (3 tests; 28 assertions)
AdminPositionSummaryTradeDetailDrilldownClosureModuleTest.php,PASS,OK (3 tests; 28 assertions)
AdminProductionModuleTest.php,PASS,OK (12 tests; 95 assertions)
AdminProductionNumericFilterValidationClosureModuleTest.php,PASS,OK (3 tests; 14 assertions)
AdminProfileEditCommentReadabilityTest.php,PASS,OK (2 tests; 31 assertions)
AdminProfileInfoOwnerBoundaryClosureModuleTest.php,PASS,OK (2 tests; 14 assertions)
AdminProfilePasswordOwnerBoundaryClosureModuleTest.php,PASS,OK (3 tests; 17 assertions)
AdminProfileUpdateOwnerBoundaryClosureModuleTest.php,KILLED,
AdminProtectedRoutePermissionClosureModuleTest.php,KILLED,Tests: 4; Assertions: 224; Failures: 1.
AdminRealtimeCommissionModuleTest.php,PASS,OK (9 tests; 58 assertions)
AdminRealtimeCommissionUserIdValidationClosureModuleTest.php,PASS,OK (3 tests; 14 assertions)
AdminReviewAuthApproveStateClosureModuleTest.php,PASS,OK (2 tests; 20 assertions)
AdminReviewAuthStatusValidationClosureModuleTest.php,PASS,OK (2 tests; 14 assertions)
AdminRightsSummaryManualConfirmModuleTest.php,PASS,OK (5 tests; 17 assertions)
AdminRightsSummaryManualConfirmRouteIdValidationClosureModuleTest.php,PASS,OK (2 tests; 8 assertions)
AdminRightsSummaryModuleTest.php,PASS,OK (5 tests; 33 assertions)
AdminRightsSummaryNumericFilterValidationClosureModuleTest.php,PASS,OK (3 tests; 37 assertions)
AdminRightsSummaryPermissionMigrationTest.php,PASS,OK (1 test; 13 assertions)
AdminRiskForceCloseGatewayClosureModuleTest.php,PASS,OK (3 tests; 12 assertions)
AdminRiskForceCloseRouteIdValidationClosureModuleTest.php,PASS,OK (2 tests; 10 assertions)
AdminRiskIpDetailModuleTest.php,PASS,OK (5 tests; 26 assertions)
AdminRiskIpDetailUserIdValidationClosureModuleTest.php,PASS,OK (2 tests; 9 assertions)
AdminRiskIpListNumericFilterValidationClosureModuleTest.php,PASS,OK (2 tests; 14 assertions)
AdminRiskIpModuleTest.php,PASS,OK (5 tests; 22 assertions)
AdminRiskMarginCallsNumericFilterValidationClosureModuleTest.php,PASS,OK (2 tests; 19 assertions)
AdminRiskMt4ModuleTest.php,PASS,OK (4 tests; 34 assertions)
AdminRiskPositionsUserIdValidationClosureModuleTest.php,PASS,OK (2 tests; 9 assertions)
AdminRiskTradeAccountMappingClosureModuleTest.php,PASS,OK (5 tests; 50 assertions)
AdminRoleAssignPermissionIdValidationClosureModuleTest.php,PASS,OK (3 tests; 15 assertions)
AdminRolePermissionAssignmentUiTest.php,PASS,OK (1 test; 27 assertions)
AdminRolePermissionControllerReadabilityTest.php,PASS,OK (1 test; 27 assertions)
AdminRolePermissionModelReadabilityTest.php,PASS,OK (1 test; 33 assertions)
AdminRoleRequestIdValidationClosureModuleTest.php,PASS,OK (3 tests; 13 assertions)
AdminSecondBatchModuleCoverageTest.php,PASS,OK (34 tests; 86 assertions)
AdminSecondBatchPermissionMigrationTest.php,PASS,OK (1 test; 169 assertions)
AdminSecuritySequenceModelCommentReadabilityTest.php,PASS,OK (2 tests; 65 assertions)
AdminSystemConfigUpdateControllerTest.php,PASS,OK (2 tests; 4 assertions)
AdminSystemConfigUpdateIdValidationClosureModuleTest.php,PASS,OK (2 tests; 10 assertions)
AdminSystemConfigUpdatePermissionMigrationTest.php,PASS,OK (1 test; 6 assertions)
AdminTablePermissionRefreshTest.php,PASS,OK (1 test; 2 assertions)
AdminTradeMt4PositionModuleTest.php,PASS,OK (8 tests; 93 assertions)
AdminTradeUserIdValidationClosureModuleTest.php,PASS,OK (2 tests; 24 assertions)
AdminTradingModelCommentReadabilityTest.php,PASS,OK (2 tests; 67 assertions)
AdminUndepositFlowSummaryClosureModuleTest.php,PASS,OK (2 tests; 19 assertions)
AdminUndepositFlowUserIdValidationClosureModuleTest.php,PASS,OK (3 tests; 13 assertions)
AdminUserControllerCommentReadabilityTest.php,PASS,OK (1 test; 25 assertions)
AdminUserControllerLocalizationTest.php,PASS,OK (2 tests; 36 assertions)
AdminUserDetailRouteTargetBoundaryClosureModuleTest.php,PASS,OK (2 tests; 11 assertions)
AdminUserDetailUserIdValidationClosureModuleTest.php,PASS,OK (2 tests; 9 assertions)
AdminUserExportModuleTest.php,PASS,OK (6 tests; 37 assertions)
AdminUserGroupCompatibilityTest.php,PASS,OK (2 tests; 8 assertions)
AdminUserGroupListNumericFilterValidationClosureModuleTest.php,PASS,OK (3 tests; 10 assertions)
AdminUserGroupRouteClosureModuleTest.php,PASS,OK (3 tests; 24 assertions)
AdminUserListExportAccountTypeValidationClosureModuleTest.php,PASS,OK (3 tests; 15 assertions)
AdminUserListExportUserIdValidationClosureModuleTest.php,PASS,OK (3 tests; 14 assertions)
AdminUsersDetailCommentReadabilityTest.php,PASS,OK (2 tests; 33 assertions)
AdminUsersIndexCommentReadabilityTest.php,PASS,OK (2 tests; 33 assertions)
AdminUserStatsModuleTest.php,PASS,OK (2 tests; 28 assertions)
AdminUserStatusMt4SyncClosureModuleTest.php,PASS,OK (3 tests; 14 assertions)
AdminUserStatusRouteTargetBoundaryClosureModuleTest.php,PASS,OK (2 tests; 9 assertions)
AdminUserStatusUserIdValidationClosureModuleTest.php,PASS,OK (2 tests; 9 assertions)
AdminUserStatusValidationClosureModuleTest.php,PASS,OK (3 tests; 15 assertions)
AdminUserUpdateAuthAndBankClosureModuleTest.php,PASS,OK (5 tests; 31 assertions)
AdminUserUpdateDepositWithdrawalSwitchClosureModuleTest.php,PASS,OK (3 tests; 17 assertions)
AdminUserUpdateEmailClosureModuleTest.php,PASS,OK (3 tests; 16 assertions)
AdminUserUpdateFieldWhitelistClosureModuleTest.php,PASS,OK (2 tests; 17 assertions)
AdminUserUpdateLegacyLocalProfileClosureModuleTest.php,PASS,OK (4 tests; 20 assertions)
AdminUserUpdateMt4SyncClosureModuleTest.php,PASS,OK (4 tests; 28 assertions)
AdminUserUpdateParentAgentClosureModuleTest.php,PASS,OK (5 tests; 27 assertions)
AdminUserUpdateParentHierarchyClosureModuleTest.php,PASS,OK (7 tests; 42 assertions)
AdminUserUpdatePasswordClosureModuleTest.php,PASS,OK (4 tests; 24 assertions)
AdminUserUpdateReadonlyMt4ClosureModuleTest.php,PASS,OK (4 tests; 21 assertions)
AdminUserUpdateUserIdValidationClosureModuleTest.php,PASS,OK (2 tests; 10 assertions)
AdminVoucherDataScopeClosureTest.php,PASS,OK (1 test; 10 assertions)
AdminVoucherListReviewStatusFilterValidationClosureModuleTest.php,PASS,OK (2 tests; 8 assertions)
AdminVoucherRouteIdValidationClosureModuleTest.php,PASS,OK (3 tests; 19 assertions)
AdminVoucherRuntimeLocalizationTest.php,PASS,OK (2 tests; 8 assertions)
AdminWhsExpZeroModuleTest.php,PASS,OK (3 tests; 24 assertions)
AdminWhsExpZeroMt4ClosureModuleTest.php,PASS,OK (3 tests; 19 assertions)
AdminWhsExpZeroStatusFilterValidationClosureModuleTest.php,PASS,OK (2 tests; 6 assertions)
AdminWhsExpZeroUserIdValidationClosureModuleTest.php,PASS,OK (4 tests; 19 assertions)
AdminWithdrawalFundingStateMachineClosureModuleTest.php,PASS,OK (10 tests; 34 assertions)
AdminWithdrawalRejectRefundDispatchClosureModuleTest.php,PASS,OK (3 tests; 13 assertions)
AdminWithdrawalsCommentReadabilityTest.php,PASS,OK (2 tests; 32 assertions)
AdminWithdrawFlowCommentClassificationClosureModuleTest.php,PASS,OK (3 tests; 32 assertions)
AdminWithdrawFlowUserIdValidationClosureModuleTest.php,PASS,OK (3 tests; 13 assertions)
AdminWithdrawListStatusFilterValidationClosureModuleTest.php,PASS,OK (2 tests; 7 assertions)
AdminWithdrawListUserIdValidationClosureModuleTest.php,PASS,OK (2 tests; 8 assertions)
AdminWithdrawRequestIdValidationClosureModuleTest.php,PASS,OK (4 tests; 18 assertions)
AdminZhCnLanguageReadabilityTest.php,PASS,OK (2 tests; 25 assertions)
AgentControllerCommentReadabilityTest.php,PASS,OK (1 test; 17 assertions)
AgentHierarchyModelCommentReadabilityTest.php,PASS,OK (2 tests; 46 assertions)
AgentLevelControllerCommentReadabilityTest.php,PASS,OK (1 test; 14 assertions)
ApiResponseLocalizationContractTest.php,PASS,OK (2 tests; 245 assertions)
BigAgentControllerCommentReadabilityTest.php,PASS,OK (1 test; 10 assertions)
BlacklistControllerCommentReadabilityTest.php,PASS,OK (1 test; 12 assertions)
BladeLocalAssetReferenceTest.php,PASS,OK (1 test; 1 assertion)
BladeOnlyFrontendArchitectureTest.php,PASS,OK (2 tests; 13 assertions)
BladeRouteAliasCompatibilityTest.php,PASS,OK (2 tests; 66 assertions)
BladeStaticRouteReferenceTest.php,PASS,OK (1 test; 1 assertion)
CancelApplyControllerCommentReadabilityTest.php,PASS,OK (1 test; 11 assertions)
CommissionControllerCommentReadabilityTest.php,PASS,OK (1 test; 14 assertions)
CommissionTransferAtomicStorageMigrationTest.php,PASS,OK (2 tests; 15 assertions)
CommissionTransferManualReconciliationServiceTest.php,PASS,OK (8 tests; 70 assertions)
CommissionTransferSagaDispatchClosureModuleTest.php,PASS,OK (4 tests; 14 assertions)
CommissionTransferSagaMigrationContractTest.php,PASS,OK (3 tests; 42 assertions)
CommissionTransferSagaServiceTest.php,PASS,OK (5 tests; 22 assertions)
CommonUploadControllerCommentReadabilityTest.php,PASS,OK (3 tests; 15 assertions)
CrmUiBusinessCodeContractTest.php,PASS,OK (17 tests; 673 assertions)
CrmUiPriorityWorkflowTest.php,PASS,OK (19 tests; 822 assertions)
CrmUiStackTest.php,PASS,OK (4 tests; 443 assertions)
DashboardControllerCommentReadabilityTest.php,PASS,OK (1 test; 15 assertions)
DefaultAdminAndFrontMenuRoleMigrationTest.php,PASS,OK (2 tests; 57 assertions)
DepositControllerCommentReadabilityTest.php,PASS,OK (1 test; 20 assertions)
DepositControllerImportLocalizationTest.php,PASS,OK (3 tests; 22 assertions)
DispatchPendingDepositSettlementsCommandClosureModuleTest.php,PASS,OK (1 test; 3 assertions)
DispatchPendingWithdrawSettlementsCommandClosureModuleTest.php,PASS,OK (2 tests; 20 assertions)
DualUiFamilyDesignContractTest.php,PASS,OK (4 tests; 33 assertions)
ExampleTest.php,PASS,OK (1 test; 2 assertions)
FrontAccountControllerCommentReadabilityTest.php,PASS,OK (2 tests; 32 assertions)
FrontAccountOverviewScopeFallbackModuleTest.php,PASS,OK (2 tests; 14 assertions)
FrontAccountProfileOwnerBoundaryClosureModuleTest.php,PASS,OK (5 tests; 51 assertions)
FrontAccountTypeChangeClosureModuleTest.php,PASS,OK (8 tests; 52 assertions)
FrontAccountVoucherOwnerBoundaryClosureModuleTest.php,PASS,OK (5 tests; 38 assertions)
FrontAgentControllerCommentReadabilityTest.php,PASS,OK (2 tests; 50 assertions)
FrontAgentDetailOwnerBoundaryClosureModuleTest.php,PASS,OK (4 tests; 46 assertions)
FrontAgentDirectTransferScopeFallbackModuleTest.php,PASS,OK (2 tests; 14 assertions)
FrontAgentDirectTransferWriteClosureModuleTest.php,PASS,OK (5 tests; 53 assertions)
FrontAgentGroupChangeApplicantBoundaryClosureModuleTest.php,PASS,OK (2 tests; 7 assertions)
FrontAgentGroupChangeFormClosureModuleTest.php,PASS,OK (2 tests; 14 assertions)
FrontAgentGroupChangeGroupCategoryClosureModuleTest.php,PASS,OK (3 tests; 10 assertions)
FrontAgentGroupChangeLegacyReasonClosureModuleTest.php,PASS,OK (2 tests; 8 assertions)
FrontAgentGroupChangeListApplicantBoundaryClosureModuleTest.php,PASS,OK (2 tests; 7 assertions)
FrontAgentGroupChangeOwnerBoundaryClosureModuleTest.php,PASS,OK (6 tests; 29 assertions)
FrontAgentGroupChangeStateBoundaryClosureModuleTest.php,PASS,OK (4 tests; 13 assertions)
FrontAgentGroupChangeWriteClosureModuleTest.php,PASS,OK (3 tests; 13 assertions)
FrontAgentLevelConfirmationApplicantBoundaryClosureModuleTest.php,PASS,OK (3 tests; 9 assertions)
FrontAgentLevelConfirmationChangeApplicantBoundaryClosureModuleTest.php,PASS,OK (3 tests; 17 assertions)
FrontAgentLevelConfirmationOwnerBoundaryClosureModuleTest.php,PASS,OK (3 tests; 43 assertions)
FrontAgentLevelConfirmationScopeFallbackModuleTest.php,PASS,OK (2 tests; 20 assertions)
FrontAgentLevelOptionsApplicantBoundaryClosureModuleTest.php,PASS,OK (3 tests; 9 assertions)
FrontAgentMainListApplicantBoundaryClosureModuleTest.php,PASS,OK (3 tests; 9 assertions)
FrontAgentMainListOwnerBoundaryClosureModuleTest.php,PASS,OK (5 tests; 45 assertions)
FrontAgentMainListScopeFallbackModuleTest.php,PASS,OK (2 tests; 31 assertions)
FrontAgentParentPathApplicantBoundaryClosureModuleTest.php,PASS,OK (3 tests; 11 assertions)
FrontAgentParentPathScopeFallbackModuleTest.php,PASS,OK (2 tests; 12 assertions)
FrontAgentScopeDepthFallbackModuleTest.php,PASS,OK (2 tests; 11 assertions)
FrontAgentScopeFallbackModuleTest.php,PASS,OK (3 tests; 20 assertions)
FrontAgentStatisticsApplicantBoundaryClosureModuleTest.php,PASS,OK (2 tests; 7 assertions)
FrontAgentTargetUserIdValidationClosureModuleTest.php,PASS,OK (2 tests; 5 assertions)
FrontAuthControllerCommentReadabilityTest.php,PASS,OK (2 tests; 34 assertions)
FrontAuthControllerLocalizationTest.php,PASS,OK (2 tests; 36 assertions)
FrontAuthRegistrationLoginClosureTest.php,KILLED,Tests: 9; Assertions: 11; Failures: 5.
FrontBaseControllerCommentReadabilityTest.php,PASS,OK (2 tests; 16 assertions)
FrontBigAgentLegacyShellClosureTest.php,PASS,OK (11 tests; 129 assertions)
FrontBigAgentLoginSecurityClosureTest.php,PASS,OK (5 tests; 70 assertions)
FrontBigNumberControllerCommentReadabilityTest.php,PASS,OK (3 tests; 44 assertions)
FrontBigNumberListAndOrderApplicantBoundaryClosureModuleTest.php,PASS,OK (3 tests; 26 assertions)
FrontBigNumberOwnerBoundaryClosureModuleTest.php,PASS,OK (16 tests; 141 assertions)
FrontBigNumberPositionApplicantBoundaryClosureModuleTest.php,PASS,OK (4 tests; 20 assertions)
FrontBigNumberPositionOwnerBoundaryClosureModuleTest.php,PASS,OK (4 tests; 30 assertions)
FrontBigNumberScopeFallbackModuleTest.php,PASS,OK (2 tests; 16 assertions)
FrontBusinessModulesClosureTest.php,KILLED,Tests: 21; Assertions: 21; Failures: 21.
FrontCancelApplyOwnerBoundaryClosureModuleTest.php,PASS,OK (3 tests; 15 assertions)
FrontCancelControllerCommentReadabilityTest.php,PASS,OK (2 tests; 26 assertions)
FrontCancelLegacyApplyOwnerBoundaryClosureModuleTest.php,PASS,OK (2 tests; 11 assertions)
FrontCancelLifecycleClosureModuleTest.php,PASS,OK (10 tests; 65 assertions)
FrontCancelVerificationCodeOwnerBoundaryClosureModuleTest.php,PASS,OK (3 tests; 16 assertions)
FrontCancelVerificationOwnerBoundaryClosureModuleTest.php,PASS,OK (3 tests; 13 assertions)
FrontCommissionControllerCommentReadabilityTest.php,PASS,OK (2 tests; 38 assertions)
FrontCommissionHistoryApplicantBoundaryClosureModuleTest.php,PASS,OK (2 tests; 8 assertions)
FrontCommissionHistoryOwnerBoundaryClosureModuleTest.php,PASS,OK (3 tests; 30 assertions)
FrontCommissionOrderChainScopeFallbackModuleTest.php,PASS,OK (2 tests; 14 assertions)
FrontCommissionRealtimeApplicantBoundaryClosureModuleTest.php,PASS,OK (3 tests; 9 assertions)
FrontCommissionRealtimeDetailApplicantBoundaryClosureModuleTest.php,PASS,OK (2 tests; 7 assertions)
FrontCommissionRealtimeOwnerBoundaryClosureModuleTest.php,PASS,OK (4 tests; 34 assertions)
FrontCommissionScopeFallbackModuleTest.php,PASS,OK (2 tests; 23 assertions)
FrontCommissionServiceOrderCalculationClosureModuleTest.php,PASS,OK (3 tests; 18 assertions)
FrontCommissionServiceScopeFallbackModuleTest.php,PASS,OK (2 tests; 17 assertions)
FrontCommissionTransferApplicantBoundaryClosureModuleTest.php,PASS,OK (2 tests; 10 assertions)
FrontCommissionTransferAtomicityClosureModuleTest.php,PASS,OK (2 tests; 23 assertions)
FrontCommissionTransferJavascriptClosureModuleTest.php,PASS,OK (5 tests; 174 assertions)
FrontCommissionTransferOptionsApplicantBoundaryClosureModuleTest.php,PASS,OK (2 tests; 9 assertions)
FrontCommissionTransferOwnerBoundaryClosureModuleTest.php,PASS,OK (3 tests; 43 assertions)
FrontCommissionTransferSagaRouteClosureModuleTest.php,PASS,OK (7 tests; 59 assertions)
FrontCustomerControllerCommentReadabilityTest.php,PASS,OK (2 tests; 23 assertions)
FrontCustomerScopeFallbackModuleTest.php,PASS,OK (2 tests; 16 assertions)
FrontDashboardControllerCommentReadabilityTest.php,PASS,OK (2 tests; 31 assertions)
FrontDashboardPaginationValidationClosureModuleTest.php,PASS,OK (3 tests; 20 assertions)
FrontDashboardScopeFallbackModuleTest.php,PASS,OK (3 tests; 18 assertions)
FrontDemoDataSeederLoginClosureModuleTest.php,PASS,OK (4 tests; 15 assertions)
FrontDepositControllerCommentReadabilityTest.php,PASS,OK (2 tests; 28 assertions)
FrontDepositOwnerBoundaryClosureModuleTest.php,PASS,OK (6 tests; 40 assertions)
FrontDepositPaymentOrderIdempotencyClosureModuleTest.php,KILLED,Tests: 36; Assertions: 433; Errors: 1.
FrontDepositRefundStatusTextClosureModuleTest.php,PASS,OK (1 test; 2 assertions)
FrontDirectCustomerDetailApplicantBoundaryClosureModuleTest.php,PASS,OK (2 tests; 8 assertions)
FrontDirectTransferApplicantBoundaryClosureModuleTest.php,PASS,OK (3 tests; 17 assertions)
FrontendRouteManifestTest.php,PASS,OK (17 tests; 54 assertions)
FrontFamilyTreeAgentStatsScopeFallbackModuleTest.php,PASS,OK (2 tests; 10 assertions)
FrontFlowControllerCommentReadabilityTest.php,PASS,OK (2 tests; 45 assertions)
FrontFlowDirectAgentApplicantBoundaryClosureModuleTest.php,PASS,OK (3 tests; 22 assertions)
FrontFlowDirectAgentRouteScopeModuleTest.php,PASS,OK (3 tests; 32 assertions)
FrontFlowDirectDepositApplicantBoundaryClosureModuleTest.php,PASS,OK (3 tests; 14 assertions)
FrontFlowDirectDepositExportApplicantBoundaryClosureModuleTest.php,PASS,OK (2 tests; 7 assertions)
FrontFlowDirectOwnerBoundaryClosureModuleTest.php,PASS,OK (5 tests; 44 assertions)
FrontFlowDirectWithdrawApplicantBoundaryClosureModuleTest.php,PASS,OK (3 tests; 14 assertions)
FrontFlowDownloadFileApplicantBoundaryClosureModuleTest.php,PASS,OK (3 tests; 9 assertions)
FrontFlowDownloadFileOwnerBoundaryClosureModuleTest.php,PASS,OK (2 tests; 12 assertions)
FrontFlowOwnScopeOwnerBoundaryClosureModuleTest.php,PASS,OK (4 tests; 41 assertions)
FrontForgotPasswordControllerCommentReadabilityTest.php,PASS,OK (3 tests; 37 assertions)
FrontForgotPasswordPageClosureTest.php,PASS,OK (2 tests; 9 assertions)
FrontForgotPasswordSecurityClosureModuleTest.php,PASS,OK (11 tests; 55 assertions)
FrontGiftAddressOwnerBoundaryClosureModuleTest.php,PASS,OK (7 tests; 33 assertions)
FrontGiftAddressTransactionClosureModuleTest.php,PASS,OK (2 tests; 8 assertions)
FrontGiftControllerCommentReadabilityTest.php,PASS,OK (2 tests; 29 assertions)
FrontGiftShipmentOwnerBoundaryClosureModuleTest.php,PASS,OK (4 tests; 23 assertions)
FrontIdentityAtomicStorageClosureModuleTest.php,PASS,OK (1 test; 3 assertions)
FrontLegacyAgentPositionSummaryClosureModuleTest.php,PASS,OK (7 tests; 48 assertions)
FrontLegacyAgentPositionSummaryPageClosureTest.php,PASS,OK (2 tests; 6 assertions)
FrontLegacyAuthenticationBoundaryClosureModuleTest.php,PASS,OK (12 tests; 208 assertions)
FrontLegacyCheckEmailClosureModuleTest.php,PASS,OK (6 tests; 14 assertions)
FrontLegacyCommissionSummaryClosureModuleTest.php,PASS,OK (5 tests; 29 assertions)
FrontLegacyDashboardEntryClosureModuleTest.php,PASS,OK (2 tests; 11 assertions)
FrontLegacyDashboardWiringClosureModuleTest.php,PASS,OK (6 tests; 68 assertions)
FrontLegacyDepositRequestClosureModuleTest.php,PASS,OK (6 tests; 26 assertions)
FrontLegacyDirectCustomerDetailAssetTest.php,PASS,OK (2 tests; 11 assertions)
FrontLegacyDirectCustomerInfoDataContractClosureModuleTest.php,PASS,OK (4 tests; 50 assertions)
FrontLegacyFeedbackClosureModuleTest.php,PASS,OK (3 tests; 18 assertions)
FrontLegacyGiftAddressClosureModuleTest.php,PASS,OK (8 tests; 40 assertions)
FrontLegacyLoginHistoryDataContractClosureModuleTest.php,PASS,OK (1 test; 10 assertions)
FrontLegacyLoginPageSessionClosureModuleTest.php,KILLED,Tests: 4; Assertions: 28; Failures: 1.
FrontLegacyLoginUserIdValidationClosureModuleTest.php,PASS,OK (2 tests; 13 assertions)
FrontLegacyLogoutClosureModuleTest.php,PASS,OK (5 tests; 16 assertions)
FrontLegacyMaintenanceControllerCommentReadabilityTest.php,PASS,OK (2 tests; 13 assertions)
FrontLegacyMaintenanceRuntimeClosureModuleTest.php,PASS,OK (25 tests; 121 assertions)
FrontLegacyMethodPolicyClosureModuleTest.php,PASS,OK (2 tests; 82 assertions)
FrontLegacyNewsAuthenticationAndHotContractClosureModuleTest.php,PASS,OK (5 tests; 63 assertions)
FrontLegacyPageControllerCommentReadabilityTest.php,PASS,OK (2 tests; 19 assertions)
FrontLegacyPaymentFormIntentClosureModuleTest.php,PASS,OK (6 tests; 76 assertions)
FrontLegacyPaymentFormIntentSourceContractTest.php,PASS,OK (4 tests; 15 assertions)
FrontLegacyPositionSummary2ClosureModuleTest.php,PASS,OK (1 test; 13 assertions)
FrontLegacyPositionSummary2PageClosureTest.php,PASS,OK (2 tests; 15 assertions)
FrontLegacyProfilePageClosureModuleTest.php,PASS,OK (3 tests; 100 assertions)
FrontLegacyProfileVerificationLifecycleClosureModuleTest.php,PASS,OK (10 tests; 57 assertions)
FrontLegacyRegisterPayloadCompatibilityClosureModuleTest.php,PASS,OK (12 tests; 62 assertions)
FrontLegacyRouteCompatibilityTest.php,PASS,OK (14 tests; 1337 assertions)
FrontLegacySpreadCommissionSummaryClosureModuleTest.php,PASS,OK (4 tests; 16 assertions)
FrontMenuPermissionRouteConsistencyTest.php,PASS,OK (1 test; 2 assertions)
FrontNewsControllerCommentReadabilityTest.php,PASS,OK (2 tests; 20 assertions)
FrontNewsDetailRouteClosureModuleTest.php,PASS,OK (4 tests; 44 assertions)
FrontNewsListInputValidationClosureModuleTest.php,PASS,OK (4 tests; 99 assertions)
FrontNewsTranslationSoftDeleteClosureModuleTest.php,PASS,OK (5 tests; 27 assertions)
FrontOrderChainScopeFallbackModuleTest.php,PASS,OK (2 tests; 14 assertions)
FrontOrderControllerCommentReadabilityTest.php,PASS,OK (2 tests; 21 assertions)
FrontOrderDetailOwnerBoundaryClosureModuleTest.php,PASS,OK (4 tests; 18 assertions)
FrontOrderOwnScopeOwnerBoundaryClosureModuleTest.php,PASS,OK (4 tests; 27 assertions)
FrontPaymentCallbackStateMachineClosureModuleTest.php,PASS,OK (25 tests; 80 assertions)
FrontPaymentFakeProviderSmokeTest.php,PASS,OK (2 tests; 17 assertions)
FrontPaymentNotifyControllerCommentReadabilityTest.php,PASS,OK (2 tests; 16 assertions)
FrontPaymentRouteSafetyClosureModuleTest.php,PASS,OK (4 tests; 39 assertions)
FrontPositionControllerCommentReadabilityTest.php,PASS,OK (2 tests; 38 assertions)
FrontPositionDirectAgentSummaryApplicantBoundaryClosureModuleTest.php,PASS,OK (3 tests; 14 assertions)
FrontPositionScopeFallbackModuleTest.php,PASS,OK (2 tests; 13 assertions)
FrontPositionSummaryApplicantBoundaryClosureModuleTest.php,PASS,OK (3 tests; 14 assertions)
FrontPositionSummaryChainScopeFallbackModuleTest.php,PASS,OK (2 tests; 13 assertions)
FrontPositionSummaryControllerCommentReadabilityTest.php,PASS,OK (2 tests; 30 assertions)
FrontPositionSummaryScopeFallbackModuleTest.php,PASS,OK (2 tests; 13 assertions)
FrontPositionTradeDetailApplicantBoundaryClosureModuleTest.php,PASS,OK (3 tests; 15 assertions)
FrontProfileAvatarOwnerBoundaryClosureModuleTest.php,PASS,OK (4 tests; 22 assertions)
FrontProfileBankCardOwnerBoundaryClosureModuleTest.php,PASS,OK (3 tests; 32 assertions)
FrontProfileBankChangeSubmitOwnerBoundaryClosureModuleTest.php,PASS,OK (3 tests; 34 assertions)
FrontProfileBankChangeVerificationCheckOwnerBoundaryClosureModuleTest.php,PASS,OK (3 tests; 11 assertions)
FrontProfileBankChangeVerificationCodeOwnerBoundaryClosureModuleTest.php,PASS,OK (3 tests; 18 assertions)
FrontProfileClosureTest.php,KILLED,Tests: 5; Assertions: 5; Failures: 4.
FrontProfileContactInfoOwnerBoundaryClosureModuleTest.php,PASS,OK (5 tests; 26 assertions)
FrontProfileContactUniquenessOwnerBoundaryClosureModuleTest.php,PASS,OK (3 tests; 10 assertions)
FrontProfileControllerCommentReadabilityTest.php,PASS,OK (2 tests; 51 assertions)
FrontProfileIdentityOwnerBoundaryClosureModuleTest.php,PASS,OK (4 tests; 33 assertions)
FrontProfileModernContactChangeOwnerBoundaryClosureModuleTest.php,PASS,OK (5 tests; 27 assertions)
FrontProfilePasswordOwnerBoundaryClosureModuleTest.php,PASS,OK (8 tests; 45 assertions)
FrontProfileRelationshipApplicantBoundaryClosureModuleTest.php,PASS,OK (3 tests; 14 assertions)
FrontProfileRelationshipScopeFallbackModuleTest.php,PASS,OK (2 tests; 6 assertions)
FrontProfileRemotePasswordVerificationClosureModuleTest.php,PASS,OK (5 tests; 37 assertions)
FrontProfileUpdateOwnerBoundaryClosureModuleTest.php,PASS,OK (2 tests; 13 assertions)
FrontProfileUpdateVerificationCodeOwnerBoundaryClosureModuleTest.php,PASS,OK (3 tests; 18 assertions)
FrontPublicFoundationClosureModuleTest.php,PASS,OK (2 tests; 14 assertions)
FrontRegisterVerificationLifecycleClosureModuleTest.php,PASS,OK (19 tests; 117 assertions)
FrontRegistrationRuleAndFamilyTreeServiceCommentReadabilityTest.php,PASS,OK (3 tests; 36 assertions)
FrontRegistrationSuccessNotificationClosureModuleTest.php,PASS,OK (4 tests; 21 assertions)
FrontTradeSymbolControllerCommentReadabilityTest.php,PASS,OK (2 tests; 19 assertions)
FrontUiRegressionTest.php,PASS,OK (116 tests; 2228 assertions)
FrontUploadControllerCommentReadabilityTest.php,PASS,OK (2 tests; 25 assertions)
FrontUploadSessionCompatibilityTest.php,PASS,OK (1 test; 4 assertions)
FrontUserAuthModelCommentReadabilityTest.php,PASS,OK (1 test; 45 assertions)
FrontUserDetailApplicantBoundaryClosureModuleTest.php,PASS,OK (3 tests; 8 assertions)
FrontUserLoginHistoryApplicantBoundaryClosureModuleTest.php,PASS,OK (3 tests; 10 assertions)
FrontUserLoginHistoryOwnerBoundaryClosureModuleTest.php,PASS,OK (3 tests; 31 assertions)
FrontVoucherControllerCommentReadabilityTest.php,PASS,OK (2 tests; 21 assertions)
FrontWithdrawalFundingSchemaClosureModuleTest.php,KILLED,
FrontWithdrawalLegacyRouteAndUiClosureModuleTest.php,PASS,OK (3 tests; 46 assertions)
FrontWithdrawControllerCommentReadabilityTest.php,PASS,OK (2 tests; 31 assertions)
FrontWithdrawIdempotencyJavascriptClosureModuleTest.php,KILLED,
FrontWithdrawOwnerBoundaryClosureModuleTest.php,PASS,OK (6 tests; 35 assertions)
FrontWithdrawSettlementClosureModuleTest.php,PASS,OK (128 tests; 955 assertions)
FrontWithdrawTask2EvidenceTest.php,PASS,OK (3 tests; 140 assertions)
AdminAccountBackendReadabilityTest.php,PASS,OK (1 test; 47 assertions)
AdminAccountCreatePrimaryKeyBoundaryClosureModuleTest.php,PASS,OK (2 tests; 14 assertions)
AdminAccountDeleteRouteTargetBoundaryClosureModuleTest.php,PASS,OK (2 tests; 13 assertions)
AdminAccountFieldModuleTest.php,PASS,OK (3 tests; 19 assertions)
AdminAccountListPasswordHiddenClosureModuleTest.php,PASS,OK (2 tests; 16 assertions)
AdminAccountListSoftDeleteBoundaryClosureModuleTest.php,PASS,OK (2 tests; 16 assertions)
AdminAccountResetPasswordClosureModuleTest.php,PASS,OK (3 tests; 25 assertions)
AdminAccountRoleStatusValidationClosureModuleTest.php,KILLED,
AdminAccountRouteIdValidationClosureModuleTest.php,PASS,OK (4 tests; 25 assertions)
AdminAccountRouteTargetBoundaryClosureModuleTest.php,PASS,OK (2 tests; 18 assertions)
AdminAccountUniqueIdentityClosureModuleTest.php,KILLED,
AdminAccountUpdateBlankPasswordClosureModuleTest.php,PASS,OK (2 tests; 16 assertions)
AdminAdminsJsCommentReadabilityTest.php,KILLED,
AdminAgentCommissionAgentIdValidationClosureModuleTest.php,PASS,OK (2 tests; 10 assertions)
AdminAgentConfirmationApproveRemarkClosureModuleTest.php,PASS,OK (2 tests; 10 assertions)
AdminAgentConfirmationModuleTest.php,PASS,OK (5 tests; 42 assertions)
AdminAgentDescendantsAgentIdValidationClosureModuleTest.php,PASS,OK (2 tests; 9 assertions)
AdminAgentDescendantsModuleTest.php,PASS,OK (2 tests; 43 assertions)
AdminAgentDetailAgentIdValidationClosureModuleTest.php,PASS,OK (2 tests; 9 assertions)
AdminAgentExportModuleTest.php,PASS,OK (6 tests; 30 assertions)
AdminAgentLevelAgentIdValidationClosureModuleTest.php,PASS,OK (2 tests; 10 assertions)
AdminAgentLevelCommissionValidationClosureModuleTest.php,PASS,OK (3 tests; 17 assertions)
AdminAgentLevelExistsValidationClosureModuleTest.php,PASS,OK (2 tests; 9 assertions)
AdminAgentLevelRouteIdValidationClosureModuleTest.php,PASS,OK (3 tests; 19 assertions)
AdminAgentLevelsJsCommentReadabilityTest.php,PASS,OK (2 tests; 16 assertions)
AdminAgentLevelUpdateFieldModuleTest.php,PASS,OK (3 tests; 8 assertions)
AdminAgentListExportAgentIdValidationClosureModuleTest.php,PASS,OK (3 tests; 14 assertions)
AdminAgentOperationPermissionMigrationTest.php,PASS,OK (1 test; 31 assertions)
AdminAgentRejectReasonTrimValidationClosureModuleTest.php,PASS,OK (2 tests; 12 assertions)
AdminAgentStatsDataScopeTest.php,KILLED,
AdminAgentStatsModuleTest.php,PASS,OK (7 tests; 50 assertions)
AdminAgentStatsUserIdValidationClosureModuleTest.php,KILLED,
AdminAuthControllerCommentReadabilityTest.php,PASS,OK (1 test; 35 assertions)
AdminAuthenticateMiddlewareLocalizationTest.php,PASS,OK (2 tests; 8 assertions)
AdminAuthenticationModuleTest.php,PASS,OK (6 tests; 45 assertions)
AdminAuthenticationUserIdValidationClosureModuleTest.php,PASS,OK (3 tests; 13 assertions)
AdminAuthModelCommentReadabilityTest.php,PASS,OK (1 test; 32 assertions)
AdminAuthReviewMt4SyncClosureModuleTest.php,PASS,OK (3 tests; 16 assertions)
AdminBatchAmountImportModuleTest.php,PASS,OK (8 tests; 94 assertions)
AdminBatchAmountImportMt4SyncClosureModuleTest.php,PASS,OK (7 tests; 53 assertions)
AdminBatchAmountImportNumericFilterValidationClosureModuleTest.php,PASS,OK (3 tests; 54 assertions)
AdminBatchAmountImportPermissionMigrationTest.php,PASS,OK (1 test; 37 assertions)
AdminBatchAmountImportRetryModuleTest.php,PASS,OK (7 tests; 49 assertions)
AdminBatchAmountImportStuckProcessingRecoveryClosureModuleTest.php,PASS,OK (3 tests; 14 assertions)
AdminBatchCreditImportModuleTest.php,PASS,OK (7 tests; 49 assertions)
AdminBatchCreditImportMt4SyncClosureModuleTest.php,KILLED,
AdminBatchCreditImportNumericFilterValidationClosureModuleTest.php,PASS,OK (3 tests; 33 assertions)
AdminBatchCreditImportPermissionMigrationTest.php,PASS,OK (1 test; 22 assertions)
AdminBatchCreditImportRetryModuleTest.php,PASS,OK (7 tests; 27 assertions)
AdminBatchImportRetryRouteIdValidationClosureModuleTest.php,PASS,OK (3 tests; 20 assertions)
AdminBigAgentBackendFieldAlignmentTest.php,PASS,OK (1 test; 38 assertions)
AdminBigAgentIdStatusValidationClosureModuleTest.php,PASS,OK (5 tests; 26 assertions)
AdminBigAgentsCommentReadabilityTest.php,PASS,OK (2 tests; 52 assertions)
AdminBigAgentSubAgentIntegrityClosureTest.php,PASS,OK (2 tests; 20 assertions)
AdminBigAgentWriteClosureTest.php,KILLED,
AdminBigNumberModuleTest.php,KILLED,
AdminBlacklistCommentReadabilityTest.php,PASS,OK (2 tests; 41 assertions)
AdminBlacklistRouteIdValidationClosureModuleTest.php,PASS,OK (3 tests; 19 assertions)
AdminBladeButtonPermissionCoverageTest.php,PASS,OK (2 tests; 185 assertions)
AdminBladeButtonPermissionRouteCoverageTest.php,PASS,OK (1 test; 369 assertions)
AdminBladeLoginControllerLocalizationTest.php,PASS,OK (1 test; 19 assertions)
AdminBladeLoginViewConsistencyTest.php,PASS,OK (2 tests; 14 assertions)
AdminBladeModuleCoverageTest.php,KILLED,
AdminBladePagePanelModernizationTest.php,PASS,OK (1 test; 1 assertion)
AdminBladeUiTest.php,KILLED,
AdminBusinessPermissionMigrationTest.php,PASS,OK (1 test; 169 assertions)
AdminButtonPermissionVisibilityTest.php,KILLED,
AdminCancelAppliesCommentReadabilityTest.php,PASS,OK (2 tests; 37 assertions)
AdminCancelApplyApproveMt4ClosureModuleTest.php,KILLED,
AdminCancelApplyAtomicStorageClosureModuleTest.php,PASS,OK (2 tests; 4 assertions)
AdminCancelApplyDataScopeClosureTest.php,KILLED,
AdminCancelApplyLifecycleClosureModuleTest.php,PASS,OK (6 tests; 33 assertions)
AdminCancelApplyListStatusFilterValidationClosureModuleTest.php,KILLED,
AdminCancelApplyReviewModuleTest.php,PASS,OK (2 tests; 25 assertions)
AdminCancelApplyRouteIdValidationClosureModuleTest.php,PASS,OK (3 tests; 21 assertions)
AdminChannelsJsCommentReadabilityTest.php,KILLED,
AdminCheckPermissionMiddlewareReadabilityTest.php,PASS,OK (1 test; 23 assertions)
AdminChineseCommentReadabilityTest.php,PASS,OK (3 tests; 1351 assertions)
AdminCommissionListAgentIdValidationClosureModuleTest.php,KILLED,
AdminCommissionListSettleStatusValidationClosureModuleTest.php,KILLED,
AdminCommissionRequestIdValidationClosureModuleTest.php,PASS,OK (2 tests; 9 assertions)
AdminCommissionsCommentReadabilityTest.php,KILLED,
AdminCommissionTransferReconciliationClosureModuleTest.php,KILLED,
AdminCommissionTransferReconciliationMigrationRuntimeTest.php,PASS,OK (2 tests; 26 assertions)
AdminCommonJsCommentReadabilityTest.php,PASS,OK (2 tests; 15 assertions)
AdminCommonRuntimeLocalizationTest.php,PASS,OK (2 tests; 6 assertions)
AdminConfigCrudPermissionMigrationTest.php,KILLED,
AdminConfigVoucherModelCommentReadabilityTest.php,PASS,OK (2 tests; 81 assertions)
AdminContentAuthGiftModelCommentReadabilityTest.php,PASS,OK (2 tests; 69 assertions)
AdminContentCrudPermissionMigrationTest.php,PASS,OK (2 tests; 85 assertions)
AdminControllerCommentReadabilityTest.php,PASS,OK (1 test; 13 assertions)
AdminCoreMt4ModelCommentReadabilityTest.php,PASS,OK (2 tests; 108 assertions)
AdminCorePermissionMigrationTest.php,PASS,OK (1 test; 41 assertions)
AdminCrmUiBackendFieldAlignmentTest.php,PASS,OK (11 tests; 67 assertions)
AdminCrudUiControlsTest.php,KILLED,
AdminCssCommentReadabilityTest.php,PASS,OK (2 tests; 15 assertions)
AdminDashboardControllerCommentReadabilityTest.php,KILLED,
AdminDashboardControllerLocalizationTest.php,PASS,OK (2 tests; 6 assertions)
AdminDataScopeBindingDeleteIdValidationClosureModuleTest.php,PASS,OK (2 tests; 8 assertions)
AdminDataScopeBindingListAdminIdValidationClosureModuleTest.php,PASS,OK (2 tests; 7 assertions)
AdminDataScopeControllerWiringTest.php,KILLED,
AdminDataScopeJsCommentReadabilityTest.php,PASS,OK (2 tests; 17 assertions)
AdminDataScopeManagementTest.php,KILLED,
AdminDataScopeRoleIdListValidationClosureModuleTest.php,PASS,OK (3 tests; 12 assertions)
AdminDataScopeRuntimeLocalizationTest.php,PASS,OK (2 tests; 86 assertions)
AdminDataScopeSchemaCommentReadabilityTest.php,PASS,OK (2 tests; 60 assertions)
AdminDataScopeServiceTest.php,KILLED,
AdminDepositApproveSettlementClosureModuleTest.php,PASS,OK (3 tests; 13 assertions)
AdminDepositListStatusFilterValidationClosureModuleTest.php,KILLED,
AdminDepositListUserIdValidationClosureModuleTest.php,PASS,OK (2 tests; 8 assertions)
AdminDepositRequestIdValidationClosureModuleTest.php,KILLED,
AdminDepositsJsCommentReadabilityTest.php,PASS,OK (2 tests; 17 assertions)
AdminExceptionMessageLocalizationTest.php,PASS,OK (2 tests; 50 assertions)
AdminExchangeRateModuleTest.php,KILLED,
AdminFinanceConfigModelCommentReadabilityTest.php,PASS,OK (2 tests; 51 assertions)
AdminFundFlowModuleTest.php,KILLED,
AdminFundFlowPermissionMigrationTest.php,PASS,OK (1 test; 31 assertions)
AdminFundModelCommentReadabilityTest.php,KILLED,
AdminGiftAddressDefaultFilterValidationClosureModuleTest.php,PASS,OK (2 tests; 9 assertions)
AdminGiftDataScopeClosureModuleTest.php,PASS,OK (6 tests; 24 assertions)
AdminGiftItemNumericFilterValidationClosureModuleTest.php,PASS,OK (3 tests; 12 assertions)
AdminGiftModuleTest.php,KILLED,
AdminGiftUserIdValidationClosureModuleTest.php,PASS,OK (4 tests; 24 assertions)
AdminGroupConfigRouteIdValidationClosureModuleTest.php,KILLED,
AdminGroupConfigsCommentReadabilityTest.php,PASS,OK (2 tests; 59 assertions)
AdminGroupConfigValueValidationClosureModuleTest.php,KILLED,
AdminLayoutJsCommentReadabilityTest.php,PASS,OK (2 tests; 18 assertions)
AdminLayoutShellReadabilityTest.php,PASS,OK (2 tests; 19 assertions)
AdminLayoutUiModernizationTest.php,KILLED,
AdminLayoutUiReferenceDensityTest.php,PASS,OK (2 tests; 25 assertions)
AdminLayuiLayoutReadableChineseTest.php,PASS,OK (1 test; 20 assertions)
AdminLegacyAdministratorsClosureModuleTest.php,KILLED,
AdminLegacyAgentEditFailClosedTest.php,PASS,OK (1 test; 6 assertions)
AdminLegacyAgentEditInfoClosureModuleTest.php,PASS,OK (2 tests; 7 assertions)
AdminLegacyAgentEditSaveClosureModuleTest.php,KILLED,
AdminLegacyAgentStatisticsAdapterTest.php,KILLED,
AdminLegacyAgentUpdateDebugClosureModuleTest.php,PASS,OK (1 test; 6 assertions)
AdminLegacyAgentUserSaveClosureModuleTest.php,KILLED,
AdminLegacyAmountWithdrawClosureModuleTest.php,KILLED,
AdminLegacyAuthAndCustSearchClosureModuleTest.php,PASS,OK (8 tests; 55 assertions)
AdminLegacyBatchRetryPayloadCompatibilityTest.php,PASS,OK (4 tests; 16 assertions)
AdminLegacyBatchWithdrawApplyClosureModuleTest.php,KILLED,
AdminLegacyCancelApplyCompatibilityTest.php,PASS,OK (3 tests; 10 assertions)
AdminLegacyCustApplyApprovalClosureModuleTest.php,KILLED,
AdminLegacyExportDateFilterClosureModuleTest.php,PASS,OK (2 tests; 6 assertions)
AdminLegacyFundFlowClosureModuleTest.php,KILLED,
AdminLegacyIpAddressDetailClosureModuleTest.php,PASS,OK (3 tests; 9 assertions)
AdminLegacyLoginCaptchaClosureTest.php,KILLED,
AdminLegacyLoginCaptchaImageContractTest.php,PASS,OK (2 tests; 15 assertions)
AdminLegacyMigrationGapAuditTest.php,KILLED,
AdminLegacyMiscOperationsClosureModuleTest.php,KILLED,
AdminLegacyMutationMethodBoundaryClosureTest.php,KILLED,
AdminLegacyOneKeySearchClosureModuleTest.php,PASS,OK (3 tests; 17 assertions)
AdminLegacyOrderParentPathClosureModuleTest.php,KILLED,
AdminLegacyOrderRiskSearchClosureModuleTest.php,KILLED,
AdminLegacyOtcWithdrawOrderIdDetailClosureModuleTest.php,PASS,OK (3 tests; 30 assertions)
AdminLegacyPageRenderClosureModuleTest.php,KILLED,
AdminLegacyParameterResolverClosureTest.php,PASS,OK (2 tests; 4 assertions)
AdminLegacyPaymentChannelToggleClosureModuleTest.php,PASS,OK (3 tests; 35 assertions)
AdminLegacyRightsAutomaticConfirmFailClosedClosureModuleTest.php,PASS,OK (2 tests; 13 assertions)
AdminLegacyRightsManualConfirmClosureModuleTest.php,PASS,OK (3 tests; 10 assertions)
AdminLegacyRouteInventoryClosureTest.php,PASS,OK (1 test; 4 assertions)
AdminLegacyRouteSemanticClosureTest.php,PASS,OK (12 tests; 148 assertions)
AdminLegacyUnsafeMutationFailClosedTest.php,PASS,OK (1 test; 1 assertion)
AdminLegacyUpdateCurrOrderIdClosureModuleTest.php,PASS,OK (4 tests; 34 assertions)
AdminLegacyUserIdCardBankClosureModuleTest.php,PASS,OK (5 tests; 18 assertions)
AdminLegacyVoucherReviewStatusCompatibilityTest.php,PASS,OK (2 tests; 6 assertions)
AdminLocalizationTest.php,PASS,OK (2 tests; 10 assertions)
AdminLoginJsCommentReadabilityTest.php,PASS,OK (2 tests; 18 assertions)
AdminMenuAuditConfigModelCommentReadabilityTest.php,PASS,OK (2 tests; 68 assertions)
AdminMenuJsCommentReadabilityTest.php,PASS,OK (2 tests; 13 assertions)
AdminMenuRequestIdValidationClosureModuleTest.php,PASS,OK (3 tests; 13 assertions)
AdminModulesClosureTest.php,KILLED,
AdminNeverDepositUserListMinDaysValidationClosureModuleTest.php,PASS,OK (2 tests; 7 assertions)
AdminNeverDepositUserListUserIdValidationClosureModuleTest.php,KILLED,
AdminNewsCommentReadabilityTest.php,PASS,OK (2 tests; 55 assertions)
AdminNewsRouteIdValidationClosureModuleTest.php,PASS,OK (4 tests; 26 assertions)
AdminNewsToggleModuleTest.php,PASS,OK (1 test; 6 assertions)
AdminOnlineUserDataScopeClosureTest.php,PASS,OK (1 test; 8 assertions)
AdminOnlineUserForceOfflineSessionInvalidationTest.php,PASS,OK (3 tests; 15 assertions)
AdminOnlineUserListUserIdValidationClosureModuleTest.php,KILLED,
AdminOnlineUserModuleTest.php,PASS,OK (9 tests; 46 assertions)
AdminPageMenuPermissionCoverageTest.php,KILLED,Tests: 1; Assertions: 1; Failures: 1.
AdminPaymentChannelControllerCommentReadabilityTest.php,KILLED,
AdminPaymentChannelRouteIdValidationClosureModuleTest.php,PASS,OK (4 tests; 26 assertions)
AdminPaymentChannelToggleModuleTest.php,KILLED,
AdminPermissionNameReferenceDocumentationTest.php,KILLED,Tests: 1; Assertions: 7; Failures: 1.
AdminPermissionNameReferenceRowCompletenessTest.php,KILLED,Tests: 1; Assertions: 2; Failures: 1.
AdminPermissionPlanTest.php,KILLED,
AdminPermissionRequestIdValidationClosureModuleTest.php,PASS,OK (3 tests; 13 assertions)
AdminPermissionsJsCommentReadabilityTest.php,PASS,OK (2 tests; 13 assertions)
AdminPositionSummaryDrilldownFrontendClosureModuleTest.php,PASS,OK (2 tests; 16 assertions)
AdminPositionSummaryModuleTest.php,PASS,OK (9 tests; 60 assertions)
AdminPositionSummaryMt4AccountLinkageClosureModuleTest.php,PASS,OK (4 tests; 83 assertions)
AdminPositionSummaryNumericFilterValidationClosureModuleTest.php,PASS,OK (3 tests; 27 assertions)
AdminPositionSummaryRiskDrilldownClosureModuleTest.php,KILLED,
AdminPositionSummaryTradeAccountMappingClosureModuleTest.php,PASS,OK (3 tests; 28 assertions)
AdminPositionSummaryTradeDetailDrilldownClosureModuleTest.php,PASS,OK (3 tests; 28 assertions)
AdminProductionModuleTest.php,KILLED,
AdminProductionNumericFilterValidationClosureModuleTest.php,PASS,OK (3 tests; 14 assertions)
AdminProfileEditCommentReadabilityTest.php,PASS,OK (2 tests; 31 assertions)
AdminProfileInfoOwnerBoundaryClosureModuleTest.php,KILLED,
AdminProfilePasswordOwnerBoundaryClosureModuleTest.php,PASS,OK (3 tests; 17 assertions)
AdminProfileUpdateOwnerBoundaryClosureModuleTest.php,KILLED,
AdminProtectedRoutePermissionClosureModuleTest.php,KILLED,Tests: 4; Assertions: 224; Failures: 1.
AdminRealtimeCommissionModuleTest.php,PASS,OK (9 tests; 58 assertions)
AdminRealtimeCommissionUserIdValidationClosureModuleTest.php,PASS,OK (3 tests; 14 assertions)
AdminReviewAuthApproveStateClosureModuleTest.php,PASS,OK (2 tests; 20 assertions)
AdminReviewAuthStatusValidationClosureModuleTest.php,PASS,OK (2 tests; 14 assertions)
AdminRightsSummaryManualConfirmModuleTest.php,PASS,OK (5 tests; 17 assertions)
AdminRightsSummaryManualConfirmRouteIdValidationClosureModuleTest.php,PASS,OK (2 tests; 8 assertions)
AdminRightsSummaryModuleTest.php,PASS,OK (5 tests; 33 assertions)
AdminRightsSummaryNumericFilterValidationClosureModuleTest.php,PASS,OK (3 tests; 37 assertions)
AdminRightsSummaryPermissionMigrationTest.php,PASS,OK (1 test; 13 assertions)
AdminRiskForceCloseGatewayClosureModuleTest.php,PASS,OK (3 tests; 12 assertions)
AdminRiskForceCloseRouteIdValidationClosureModuleTest.php,PASS,OK (2 tests; 10 assertions)
AdminRiskIpDetailModuleTest.php,PASS,OK (5 tests; 26 assertions)
AdminRiskIpDetailUserIdValidationClosureModuleTest.php,PASS,OK (2 tests; 9 assertions)
AdminRiskIpListNumericFilterValidationClosureModuleTest.php,PASS,OK (2 tests; 14 assertions)
AdminRiskIpModuleTest.php,PASS,OK (5 tests; 22 assertions)
AdminRiskMarginCallsNumericFilterValidationClosureModuleTest.php,PASS,OK (2 tests; 19 assertions)
AdminRiskMt4ModuleTest.php,PASS,OK (4 tests; 34 assertions)
AdminRiskPositionsUserIdValidationClosureModuleTest.php,PASS,OK (2 tests; 9 assertions)
AdminRiskTradeAccountMappingClosureModuleTest.php,PASS,OK (5 tests; 50 assertions)
AdminRoleAssignPermissionIdValidationClosureModuleTest.php,PASS,OK (3 tests; 15 assertions)
AdminRolePermissionAssignmentUiTest.php,PASS,OK (1 test; 27 assertions)
AdminRolePermissionControllerReadabilityTest.php,PASS,OK (1 test; 27 assertions)
AdminRolePermissionModelReadabilityTest.php,PASS,OK (1 test; 33 assertions)
AdminRoleRequestIdValidationClosureModuleTest.php,PASS,OK (3 tests; 13 assertions)
AdminSecondBatchModuleCoverageTest.php,PASS,OK (34 tests; 86 assertions)
AdminSecondBatchPermissionMigrationTest.php,PASS,OK (1 test; 169 assertions)
AdminSecuritySequenceModelCommentReadabilityTest.php,PASS,OK (2 tests; 65 assertions)
AdminSystemConfigUpdateControllerTest.php,PASS,OK (2 tests; 4 assertions)
AdminSystemConfigUpdateIdValidationClosureModuleTest.php,PASS,OK (2 tests; 10 assertions)
AdminSystemConfigUpdatePermissionMigrationTest.php,PASS,OK (1 test; 6 assertions)
AdminTablePermissionRefreshTest.php,PASS,OK (1 test; 2 assertions)
AdminTradeMt4PositionModuleTest.php,PASS,OK (8 tests; 93 assertions)
AdminTradeUserIdValidationClosureModuleTest.php,PASS,OK (2 tests; 24 assertions)
AdminTradingModelCommentReadabilityTest.php,PASS,OK (2 tests; 67 assertions)
AdminUndepositFlowSummaryClosureModuleTest.php,PASS,OK (2 tests; 19 assertions)
AdminUndepositFlowUserIdValidationClosureModuleTest.php,PASS,OK (3 tests; 13 assertions)
AdminUserControllerCommentReadabilityTest.php,PASS,OK (1 test; 25 assertions)
AdminUserControllerLocalizationTest.php,PASS,OK (2 tests; 36 assertions)
AdminUserDetailRouteTargetBoundaryClosureModuleTest.php,PASS,OK (2 tests; 11 assertions)
AdminUserDetailUserIdValidationClosureModuleTest.php,PASS,OK (2 tests; 9 assertions)
AdminUserExportModuleTest.php,KILLED,
AdminUserGroupCompatibilityTest.php,KILLED,
AdminUserGroupListNumericFilterValidationClosureModuleTest.php,PASS,OK (3 tests; 10 assertions)
AdminUserGroupRouteClosureModuleTest.php,PASS,OK (3 tests; 24 assertions)
AdminUserListExportAccountTypeValidationClosureModuleTest.php,KILLED,
AdminUserListExportUserIdValidationClosureModuleTest.php,PASS,OK (3 tests; 14 assertions)
AdminUsersDetailCommentReadabilityTest.php,KILLED,
AdminUsersIndexCommentReadabilityTest.php,PASS,OK (2 tests; 33 assertions)
AdminUserStatsModuleTest.php,KILLED,
AdminUserStatusMt4SyncClosureModuleTest.php,PASS,OK (3 tests; 14 assertions)
AdminUserStatusRouteTargetBoundaryClosureModuleTest.php,PASS,OK (2 tests; 9 assertions)
AdminUserStatusUserIdValidationClosureModuleTest.php,PASS,OK (2 tests; 9 assertions)
AdminUserStatusValidationClosureModuleTest.php,PASS,OK (3 tests; 15 assertions)
AdminUserUpdateAuthAndBankClosureModuleTest.php,KILLED,
AdminUserUpdateDepositWithdrawalSwitchClosureModuleTest.php,PASS,OK (3 tests; 17 assertions)
AdminUserUpdateEmailClosureModuleTest.php,KILLED,
AdminUserUpdateFieldWhitelistClosureModuleTest.php,PASS,OK (2 tests; 17 assertions)
AdminUserUpdateLegacyLocalProfileClosureModuleTest.php,KILLED,
AdminUserUpdateMt4SyncClosureModuleTest.php,KILLED,
AdminUserUpdateParentAgentClosureModuleTest.php,KILLED,OK (5 tests; 27 assertions)
AdminUserUpdateParentHierarchyClosureModuleTest.php,PASS,OK (7 tests; 42 assertions)
AdminUserUpdatePasswordClosureModuleTest.php,KILLED,
AdminUserUpdateReadonlyMt4ClosureModuleTest.php,PASS,OK (4 tests; 21 assertions)
AdminUserUpdateUserIdValidationClosureModuleTest.php,KILLED,
AdminVoucherDataScopeClosureTest.php,PASS,OK (1 test; 10 assertions)
AdminVoucherListReviewStatusFilterValidationClosureModuleTest.php,PASS,OK (2 tests; 8 assertions)
AdminVoucherRouteIdValidationClosureModuleTest.php,KILLED,
AdminVoucherRuntimeLocalizationTest.php,PASS,OK (2 tests; 8 assertions)
AdminWhsExpZeroModuleTest.php,KILLED,
AdminWhsExpZeroMt4ClosureModuleTest.php,PASS,OK (3 tests; 19 assertions)
AdminWhsExpZeroStatusFilterValidationClosureModuleTest.php,PASS,OK (2 tests; 6 assertions)
AdminWhsExpZeroUserIdValidationClosureModuleTest.php,KILLED,
AdminWithdrawalFundingStateMachineClosureModuleTest.php,KILLED,
AdminWithdrawalRejectRefundDispatchClosureModuleTest.php,PASS,OK (3 tests; 13 assertions)
AdminWithdrawalsCommentReadabilityTest.php,KILLED,
AdminWithdrawFlowCommentClassificationClosureModuleTest.php,PASS,OK (3 tests; 32 assertions)
AdminWithdrawFlowUserIdValidationClosureModuleTest.php,KILLED,
AdminWithdrawListStatusFilterValidationClosureModuleTest.php,PASS,OK (2 tests; 7 assertions)
AdminWithdrawListUserIdValidationClosureModuleTest.php,KILLED,
AdminWithdrawRequestIdValidationClosureModuleTest.php,PASS,OK (4 tests; 18 assertions)
AdminZhCnLanguageReadabilityTest.php,KILLED,
AgentControllerCommentReadabilityTest.php,PASS,OK (1 test; 17 assertions)
AgentHierarchyModelCommentReadabilityTest.php,PASS,OK (2 tests; 46 assertions)
AgentLevelControllerCommentReadabilityTest.php,PASS,OK (1 test; 14 assertions)
ApiResponseLocalizationContractTest.php,PASS,OK (2 tests; 245 assertions)
BigAgentControllerCommentReadabilityTest.php,PASS,OK (1 test; 10 assertions)
BlacklistControllerCommentReadabilityTest.php,PASS,OK (1 test; 12 assertions)
BladeLocalAssetReferenceTest.php,KILLED,
BladeOnlyFrontendArchitectureTest.php,PASS,OK (2 tests; 13 assertions)
BladeRouteAliasCompatibilityTest.php,KILLED,
BladeStaticRouteReferenceTest.php,PASS,OK (1 test; 1 assertion)
CancelApplyControllerCommentReadabilityTest.php,PASS,OK (1 test; 11 assertions)
CommissionControllerCommentReadabilityTest.php,KILLED,
CommissionTransferAtomicStorageMigrationTest.php,PASS,OK (2 tests; 15 assertions)
CommissionTransferManualReconciliationServiceTest.php,PASS,OK (8 tests; 70 assertions)
CommissionTransferSagaDispatchClosureModuleTest.php,KILLED,
CommissionTransferSagaMigrationContractTest.php,PASS,OK (3 tests; 42 assertions)
CommissionTransferSagaServiceTest.php,KILLED,
CommonUploadControllerCommentReadabilityTest.php,PASS,OK (3 tests; 15 assertions)
CrmUiBusinessCodeContractTest.php,KILLED,
CrmUiPriorityWorkflowTest.php,KILLED,
CrmUiStackTest.php,KILLED,
DashboardControllerCommentReadabilityTest.php,PASS,OK (1 test; 15 assertions)
DefaultAdminAndFrontMenuRoleMigrationTest.php,PASS,OK (2 tests; 57 assertions)
DepositControllerCommentReadabilityTest.php,PASS,OK (1 test; 20 assertions)
DepositControllerImportLocalizationTest.php,PASS,OK (3 tests; 22 assertions)
DispatchPendingDepositSettlementsCommandClosureModuleTest.php,KILLED,
DispatchPendingWithdrawSettlementsCommandClosureModuleTest.php,KILLED,
DualUiFamilyDesignContractTest.php,KILLED,
ExampleTest.php,PASS,OK (1 test; 2 assertions)
FrontAccountControllerCommentReadabilityTest.php,PASS,OK (2 tests; 32 assertions)
FrontAccountOverviewScopeFallbackModuleTest.php,PASS,OK (2 tests; 14 assertions)
FrontAccountProfileOwnerBoundaryClosureModuleTest.php,KILLED,
FrontAccountTypeChangeClosureModuleTest.php,PASS,OK (8 tests; 52 assertions)
FrontAccountVoucherOwnerBoundaryClosureModuleTest.php,PASS,OK (5 tests; 38 assertions)
FrontAgentControllerCommentReadabilityTest.php,PASS,OK (2 tests; 50 assertions)
FrontAgentDetailOwnerBoundaryClosureModuleTest.php,PASS,OK (4 tests; 46 assertions)
FrontAgentDirectTransferScopeFallbackModuleTest.php,PASS,OK (2 tests; 14 assertions)
FrontAgentDirectTransferWriteClosureModuleTest.php,PASS,OK (5 tests; 53 assertions)
FrontAgentGroupChangeApplicantBoundaryClosureModuleTest.php,PASS,OK (2 tests; 7 assertions)
FrontAgentGroupChangeFormClosureModuleTest.php,PASS,OK (2 tests; 14 assertions)
FrontAgentGroupChangeGroupCategoryClosureModuleTest.php,PASS,OK (3 tests; 10 assertions)
FrontAgentGroupChangeLegacyReasonClosureModuleTest.php,PASS,OK (2 tests; 8 assertions)
FrontAgentGroupChangeListApplicantBoundaryClosureModuleTest.php,PASS,OK (2 tests; 7 assertions)
FrontAgentGroupChangeOwnerBoundaryClosureModuleTest.php,PASS,OK (6 tests; 29 assertions)
FrontAgentGroupChangeStateBoundaryClosureModuleTest.php,PASS,OK (4 tests; 13 assertions)
FrontAgentGroupChangeWriteClosureModuleTest.php,PASS,OK (3 tests; 13 assertions)
FrontAgentLevelConfirmationApplicantBoundaryClosureModuleTest.php,PASS,OK (3 tests; 9 assertions)
FrontAgentLevelConfirmationChangeApplicantBoundaryClosureModuleTest.php,PASS,OK (3 tests; 17 assertions)
FrontAgentLevelConfirmationOwnerBoundaryClosureModuleTest.php,PASS,OK (3 tests; 43 assertions)
FrontAgentLevelConfirmationScopeFallbackModuleTest.php,PASS,OK (2 tests; 20 assertions)
FrontAgentLevelOptionsApplicantBoundaryClosureModuleTest.php,PASS,OK (3 tests; 9 assertions)
FrontAgentMainListApplicantBoundaryClosureModuleTest.php,PASS,OK (3 tests; 9 assertions)
FrontAgentMainListOwnerBoundaryClosureModuleTest.php,PASS,OK (5 tests; 45 assertions)
FrontAgentMainListScopeFallbackModuleTest.php,PASS,OK (2 tests; 31 assertions)
FrontAgentParentPathApplicantBoundaryClosureModuleTest.php,PASS,OK (3 tests; 11 assertions)
FrontAgentParentPathScopeFallbackModuleTest.php,PASS,OK (2 tests; 12 assertions)
FrontAgentScopeDepthFallbackModuleTest.php,PASS,OK (2 tests; 11 assertions)
FrontAgentScopeFallbackModuleTest.php,PASS,OK (3 tests; 20 assertions)
FrontAgentStatisticsApplicantBoundaryClosureModuleTest.php,PASS,OK (2 tests; 7 assertions)
FrontAgentTargetUserIdValidationClosureModuleTest.php,PASS,OK (2 tests; 5 assertions)
FrontAuthControllerCommentReadabilityTest.php,PASS,OK (2 tests; 34 assertions)
FrontAuthControllerLocalizationTest.php,PASS,OK (2 tests; 36 assertions)
FrontAuthRegistrationLoginClosureTest.php,KILLED,Tests: 9; Assertions: 11; Failures: 5.
FrontBaseControllerCommentReadabilityTest.php,PASS,OK (2 tests; 16 assertions)
FrontBigAgentLegacyShellClosureTest.php,PASS,OK (11 tests; 129 assertions)
FrontBigAgentLoginSecurityClosureTest.php,PASS,OK (5 tests; 70 assertions)
FrontBigNumberControllerCommentReadabilityTest.php,PASS,OK (3 tests; 44 assertions)
FrontBigNumberListAndOrderApplicantBoundaryClosureModuleTest.php,PASS,OK (3 tests; 26 assertions)
FrontBigNumberOwnerBoundaryClosureModuleTest.php,PASS,OK (16 tests; 141 assertions)
FrontBigNumberPositionApplicantBoundaryClosureModuleTest.php,PASS,OK (4 tests; 20 assertions)
FrontBigNumberPositionOwnerBoundaryClosureModuleTest.php,PASS,OK (4 tests; 30 assertions)
FrontBigNumberScopeFallbackModuleTest.php,PASS,OK (2 tests; 16 assertions)
FrontBusinessModulesClosureTest.php,KILLED,Tests: 21; Assertions: 21; Failures: 21.
FrontCancelApplyOwnerBoundaryClosureModuleTest.php,PASS,OK (3 tests; 15 assertions)
FrontCancelControllerCommentReadabilityTest.php,PASS,OK (2 tests; 26 assertions)
FrontCancelLegacyApplyOwnerBoundaryClosureModuleTest.php,PASS,OK (2 tests; 11 assertions)
FrontCancelLifecycleClosureModuleTest.php,PASS,OK (10 tests; 65 assertions)
FrontCancelVerificationCodeOwnerBoundaryClosureModuleTest.php,PASS,OK (3 tests; 16 assertions)
FrontCancelVerificationOwnerBoundaryClosureModuleTest.php,PASS,OK (3 tests; 13 assertions)
FrontCommissionControllerCommentReadabilityTest.php,PASS,OK (2 tests; 38 assertions)
FrontCommissionHistoryApplicantBoundaryClosureModuleTest.php,PASS,OK (2 tests; 8 assertions)
FrontCommissionHistoryOwnerBoundaryClosureModuleTest.php,PASS,OK (3 tests; 30 assertions)
FrontCommissionOrderChainScopeFallbackModuleTest.php,PASS,OK (2 tests; 14 assertions)
FrontCommissionRealtimeApplicantBoundaryClosureModuleTest.php,PASS,OK (3 tests; 9 assertions)
FrontCommissionRealtimeDetailApplicantBoundaryClosureModuleTest.php,PASS,OK (2 tests; 7 assertions)
FrontCommissionRealtimeOwnerBoundaryClosureModuleTest.php,PASS,OK (4 tests; 34 assertions)
FrontCommissionScopeFallbackModuleTest.php,PASS,OK (2 tests; 23 assertions)
FrontCommissionServiceOrderCalculationClosureModuleTest.php,PASS,OK (3 tests; 18 assertions)
FrontCommissionServiceScopeFallbackModuleTest.php,PASS,OK (2 tests; 17 assertions)
FrontCommissionTransferApplicantBoundaryClosureModuleTest.php,PASS,OK (2 tests; 10 assertions)
FrontCommissionTransferAtomicityClosureModuleTest.php,PASS,OK (2 tests; 23 assertions)
FrontCommissionTransferJavascriptClosureModuleTest.php,PASS,OK (5 tests; 174 assertions)
FrontCommissionTransferOptionsApplicantBoundaryClosureModuleTest.php,PASS,OK (2 tests; 9 assertions)
FrontCommissionTransferOwnerBoundaryClosureModuleTest.php,PASS,OK (3 tests; 43 assertions)
FrontCommissionTransferSagaRouteClosureModuleTest.php,PASS,OK (7 tests; 59 assertions)
FrontCustomerControllerCommentReadabilityTest.php,PASS,OK (2 tests; 23 assertions)
FrontCustomerScopeFallbackModuleTest.php,PASS,OK (2 tests; 16 assertions)
FrontDashboardControllerCommentReadabilityTest.php,PASS,OK (2 tests; 31 assertions)
FrontDashboardPaginationValidationClosureModuleTest.php,PASS,OK (3 tests; 20 assertions)
FrontDashboardScopeFallbackModuleTest.php,PASS,OK (3 tests; 18 assertions)
FrontDemoDataSeederLoginClosureModuleTest.php,PASS,OK (4 tests; 15 assertions)
FrontDepositControllerCommentReadabilityTest.php,PASS,OK (2 tests; 28 assertions)
FrontDepositOwnerBoundaryClosureModuleTest.php,PASS,OK (6 tests; 40 assertions)
FrontDepositPaymentOrderIdempotencyClosureModuleTest.php,KILLED,
FrontDepositRefundStatusTextClosureModuleTest.php,PASS,OK (1 test; 2 assertions)
FrontDirectCustomerDetailApplicantBoundaryClosureModuleTest.php,KILLED,
FrontDirectTransferApplicantBoundaryClosureModuleTest.php,PASS,OK (3 tests; 17 assertions)
FrontendRouteManifestTest.php,KILLED,
FrontFamilyTreeAgentStatsScopeFallbackModuleTest.php,PASS,OK (2 tests; 10 assertions)
FrontFlowControllerCommentReadabilityTest.php,PASS,OK (2 tests; 45 assertions)
FrontFlowDirectAgentApplicantBoundaryClosureModuleTest.php,KILLED,
FrontFlowDirectAgentRouteScopeModuleTest.php,PASS,OK (3 tests; 32 assertions)
FrontFlowDirectDepositApplicantBoundaryClosureModuleTest.php,PASS,OK (3 tests; 14 assertions)
FrontFlowDirectDepositExportApplicantBoundaryClosureModuleTest.php,PASS,OK (2 tests; 7 assertions)
FrontFlowDirectOwnerBoundaryClosureModuleTest.php,PASS,OK (5 tests; 44 assertions)
FrontFlowDirectWithdrawApplicantBoundaryClosureModuleTest.php,PASS,OK (3 tests; 14 assertions)
FrontFlowDownloadFileApplicantBoundaryClosureModuleTest.php,KILLED,
FrontFlowDownloadFileOwnerBoundaryClosureModuleTest.php,PASS,OK (2 tests; 12 assertions)
FrontFlowOwnScopeOwnerBoundaryClosureModuleTest.php,KILLED,
FrontForgotPasswordControllerCommentReadabilityTest.php,PASS,OK (3 tests; 37 assertions)
FrontForgotPasswordPageClosureTest.php,KILLED,
FrontForgotPasswordSecurityClosureModuleTest.php,KILLED,
FrontGiftAddressOwnerBoundaryClosureModuleTest.php,PASS,OK (7 tests; 33 assertions)
FrontGiftAddressTransactionClosureModuleTest.php,KILLED,
FrontGiftControllerCommentReadabilityTest.php,PASS,OK (2 tests; 29 assertions)
FrontGiftShipmentOwnerBoundaryClosureModuleTest.php,KILLED,
FrontIdentityAtomicStorageClosureModuleTest.php,PASS,OK (1 test; 3 assertions)
FrontLegacyAgentPositionSummaryClosureModuleTest.php,KILLED,
FrontLegacyAgentPositionSummaryPageClosureTest.php,PASS,OK (2 tests; 6 assertions)
FrontLegacyAuthenticationBoundaryClosureModuleTest.php,KILLED,
FrontLegacyCheckEmailClosureModuleTest.php,PASS,OK (6 tests; 14 assertions)
FrontLegacyCommissionSummaryClosureModuleTest.php,KILLED,
FrontLegacyDashboardEntryClosureModuleTest.php,PASS,OK (2 tests; 11 assertions)
FrontLegacyDashboardWiringClosureModuleTest.php,KILLED,
FrontLegacyDepositRequestClosureModuleTest.php,KILLED,
FrontLegacyDirectCustomerDetailAssetTest.php,PASS,OK (2 tests; 11 assertions)
FrontLegacyDirectCustomerInfoDataContractClosureModuleTest.php,KILLED,
FrontLegacyFeedbackClosureModuleTest.php,PASS,OK (3 tests; 18 assertions)
FrontLegacyGiftAddressClosureModuleTest.php,KILLED,
FrontLegacyLoginHistoryDataContractClosureModuleTest.php,PASS,OK (1 test; 10 assertions)
FrontLegacyLoginPageSessionClosureModuleTest.php,KILLED,
FrontLegacyLoginUserIdValidationClosureModuleTest.php,PASS,OK (2 tests; 13 assertions)
FrontLegacyLogoutClosureModuleTest.php,PASS,OK (5 tests; 16 assertions)
FrontLegacyMaintenanceControllerCommentReadabilityTest.php,PASS,OK (2 tests; 13 assertions)
FrontLegacyMaintenanceRuntimeClosureModuleTest.php,KILLED,
FrontLegacyMethodPolicyClosureModuleTest.php,PASS,OK (2 tests; 82 assertions)
FrontLegacyNewsAuthenticationAndHotContractClosureModuleTest.php,PASS,OK (5 tests; 63 assertions)
FrontLegacyPageControllerCommentReadabilityTest.php,PASS,OK (2 tests; 19 assertions)
FrontLegacyPaymentFormIntentClosureModuleTest.php,KILLED,
FrontLegacyPaymentFormIntentSourceContractTest.php,PASS,OK (4 tests; 15 assertions)
FrontLegacyPositionSummary2ClosureModuleTest.php,KILLED,
FrontLegacyPositionSummary2PageClosureTest.php,PASS,OK (2 tests; 15 assertions)
FrontLegacyProfilePageClosureModuleTest.php,KILLED,
FrontLegacyProfileVerificationLifecycleClosureModuleTest.php,KILLED,
FrontLegacyRegisterPayloadCompatibilityClosureModuleTest.php,PASS,OK (12 tests; 62 assertions)
FrontLegacyRouteCompatibilityTest.php,KILLED,
FrontLegacySpreadCommissionSummaryClosureModuleTest.php,PASS,OK (4 tests; 16 assertions)
FrontMenuPermissionRouteConsistencyTest.php,KILLED,
FrontNewsControllerCommentReadabilityTest.php,PASS,OK (2 tests; 20 assertions)
FrontNewsDetailRouteClosureModuleTest.php,PASS,OK (4 tests; 44 assertions)
FrontNewsListInputValidationClosureModuleTest.php,PASS,OK (4 tests; 99 assertions)
FrontNewsTranslationSoftDeleteClosureModuleTest.php,KILLED,
FrontOrderChainScopeFallbackModuleTest.php,PASS,OK (2 tests; 14 assertions)
FrontOrderControllerCommentReadabilityTest.php,PASS,OK (2 tests; 21 assertions)
FrontOrderDetailOwnerBoundaryClosureModuleTest.php,KILLED,
FrontOrderOwnScopeOwnerBoundaryClosureModuleTest.php,PASS,OK (4 tests; 27 assertions)
FrontPaymentCallbackStateMachineClosureModuleTest.php,KILLED,
FrontPaymentFakeProviderSmokeTest.php,KILLED,
FrontPaymentNotifyControllerCommentReadabilityTest.php,PASS,OK (2 tests; 16 assertions)
FrontPaymentRouteSafetyClosureModuleTest.php,PASS,OK (4 tests; 39 assertions)
FrontPositionControllerCommentReadabilityTest.php,PASS,OK (2 tests; 38 assertions)
FrontPositionDirectAgentSummaryApplicantBoundaryClosureModuleTest.php,PASS,OK (3 tests; 14 assertions)
FrontPositionScopeFallbackModuleTest.php,PASS,OK (2 tests; 13 assertions)
FrontPositionSummaryApplicantBoundaryClosureModuleTest.php,PASS,OK (3 tests; 14 assertions)
FrontPositionSummaryChainScopeFallbackModuleTest.php,KILLED,
FrontPositionSummaryControllerCommentReadabilityTest.php,PASS,OK (2 tests; 30 assertions)
FrontPositionSummaryScopeFallbackModuleTest.php,KILLED,
FrontPositionTradeDetailApplicantBoundaryClosureModuleTest.php,PASS,OK (3 tests; 15 assertions)
FrontProfileAvatarOwnerBoundaryClosureModuleTest.php,KILLED,
FrontProfileBankCardOwnerBoundaryClosureModuleTest.php,PASS,OK (3 tests; 32 assertions)
FrontProfileBankChangeSubmitOwnerBoundaryClosureModuleTest.php,KILLED,
FrontProfileBankChangeVerificationCheckOwnerBoundaryClosureModuleTest.php,PASS,OK (3 tests; 11 assertions)
FrontProfileBankChangeVerificationCodeOwnerBoundaryClosureModuleTest.php,PASS,OK (3 tests; 18 assertions)
FrontProfileClosureTest.php,KILLED,Tests: 5; Assertions: 5; Failures: 4.
FrontProfileContactInfoOwnerBoundaryClosureModuleTest.php,KILLED,
FrontProfileContactUniquenessOwnerBoundaryClosureModuleTest.php,PASS,OK (3 tests; 10 assertions)
FrontProfileControllerCommentReadabilityTest.php,KILLED,
FrontProfileIdentityOwnerBoundaryClosureModuleTest.php,PASS,OK (4 tests; 33 assertions)
FrontProfileModernContactChangeOwnerBoundaryClosureModuleTest.php,KILLED,
FrontProfilePasswordOwnerBoundaryClosureModuleTest.php,KILLED,
FrontProfileRelationshipApplicantBoundaryClosureModuleTest.php,PASS,OK (3 tests; 14 assertions)
FrontProfileRelationshipScopeFallbackModuleTest.php,PASS,OK (2 tests; 6 assertions)
FrontProfileRemotePasswordVerificationClosureModuleTest.php,KILLED,
FrontProfileUpdateOwnerBoundaryClosureModuleTest.php,PASS,OK (2 tests; 13 assertions)
FrontProfileUpdateVerificationCodeOwnerBoundaryClosureModuleTest.php,KILLED,
FrontPublicFoundationClosureModuleTest.php,PASS,OK (2 tests; 14 assertions)
FrontRegisterVerificationLifecycleClosureModuleTest.php,PASS,OK (19 tests; 117 assertions)
FrontRegistrationRuleAndFamilyTreeServiceCommentReadabilityTest.php,PASS,OK (3 tests; 36 assertions)
FrontRegistrationSuccessNotificationClosureModuleTest.php,PASS,OK (4 tests; 21 assertions)
FrontTradeSymbolControllerCommentReadabilityTest.php,PASS,OK (2 tests; 19 assertions)
FrontUiRegressionTest.php,KILLED,
FrontUploadControllerCommentReadabilityTest.php,PASS,OK (2 tests; 25 assertions)
FrontUploadSessionCompatibilityTest.php,KILLED,
FrontUserAuthModelCommentReadabilityTest.php,PASS,OK (1 test; 45 assertions)
FrontUserDetailApplicantBoundaryClosureModuleTest.php,PASS,OK (3 tests; 8 assertions)
FrontUserLoginHistoryApplicantBoundaryClosureModuleTest.php,PASS,OK (3 tests; 10 assertions)
FrontUserLoginHistoryOwnerBoundaryClosureModuleTest.php,KILLED,
FrontVoucherControllerCommentReadabilityTest.php,PASS,OK (2 tests; 21 assertions)
FrontWithdrawalFundingSchemaClosureModuleTest.php,KILLED,
FrontWithdrawalLegacyRouteAndUiClosureModuleTest.php,PASS,OK (3 tests; 46 assertions)
FrontWithdrawControllerCommentReadabilityTest.php,PASS,OK (2 tests; 31 assertions)
FrontWithdrawIdempotencyJavascriptClosureModuleTest.php,KILLED,
FrontWithdrawOwnerBoundaryClosureModuleTest.php,KILLED,
FrontWithdrawSettlementClosureModuleTest.php,KILLED,
FrontWithdrawTask2EvidenceTest.php,KILLED,Tests: 3; Assertions: 5; Failures: 3.
FullRouteExecutionChainReportGeneratorClosureModuleTest.php,KILLED,
GiftStockDeductionBoundaryClosureModuleTest.php,PASS,OK (4 tests; 20 assertions)
GroupConfigControllerCommentReadabilityTest.php,PASS,OK (1 test; 20 assertions)
InitialDataSeederTableContractTest.php,KILLED,
JwtAuthMiddlewareLocalizationTest.php,PASS,OK (2 tests; 9 assertions)
JwtServiceLocalizationTest.php,PASS,OK (2 tests; 23 assertions)
LegacyGroupConfigSynchronizationClosureModuleTest.php,PASS,OK (5 tests; 17 assertions)
LegacyRouteAuditCommandTest.php,PASS,OK (2 tests; 8 assertions)
LegacyRouteExporterScriptTest.php,KILLED,
LegacyUiReplacementCoverageTest.php,KILLED,
LucideIconAndEmojiPolicyTest.php,PASS,OK (6 tests; 773 assertions)
MenuControllerCommentReadabilityTest.php,PASS,OK (3 tests; 37 assertions)
MenuRouteCommentReadabilityTest.php,PASS,OK (3 tests; 38 assertions)
MenuServiceCommentReadabilityTest.php,PASS,OK (2 tests; 26 assertions)
MenuZhCnLanguageReadabilityTest.php,KILLED,
Mt4CommissionTransferGatewayClosureModuleTest.php,PASS,OK (13 tests; 34 assertions)
Mt4CreditSettlementGatewayClosureModuleTest.php,KILLED,
Mt4DepositRefundGatewayClosureModuleTest.php,KILLED,
Mt4DepositSettlementGatewayClosureModuleTest.php,KILLED,
Mt4ManagerServiceLegacyProtocolClosureModuleTest.php,PASS,OK (8 tests; 31 assertions)
Mt4ManagerServiceLocalizationTest.php,KILLED,
Mt4ManagerServiceSocketLifecycleTest.php,KILLED,
Mt4WithdrawalFundingGatewayClosureModuleTest.php,PASS,OK (11 tests; 21 assertions)
NewsControllerCommentReadabilityTest.php,PASS,OK (1 test; 15 assertions)
PaymentChannelControllerCommentReadabilityTest.php,KILLED,
PaymentGatewayAdapterFixtureTest.php,KILLED,
PaymentGatewayRegistryTest.php,KILLED,
PaymentOrderCrossGatewayIdempotencyClosureModuleTest.php,KILLED,
PaymentSettlementOutboxMigrationRerunClosureModuleTest.php,KILLED,
PermissionModelCommentReadabilityTest.php,PASS,OK (1 test; 21 assertions)
ProcessWithdrawFundingJobClosureModuleTest.php,PASS,OK (11 tests; 63 assertions)
RefundDepositPaymentJobClosureModuleTest.php,PASS,OK (12 tests; 67 assertions)
RefundWithdrawFundingJobClosureModuleTest.php,PASS,OK (23 tests; 99 assertions)
SafeHtmlSanitizerTest.php,KILLED,
SettleDepositPaymentJobClosureModuleTest.php,PASS,OK (27 tests; 126 assertions)
AdminAccountRoleStatusValidationClosureModuleTest.php,PASS,OK (3 tests; 21 assertions)
AdminAccountUniqueIdentityClosureModuleTest.php,PASS,OK (3 tests; 20 assertions)
AdminAdminsJsCommentReadabilityTest.php,PASS,OK (2 tests; 15 assertions)
AdminAgentStatsDataScopeTest.php,KILLED,
AdminAgentStatsUserIdValidationClosureModuleTest.php,PASS,OK (2 tests; 9 assertions)
AdminBatchCreditImportMt4SyncClosureModuleTest.php,PASS,OK (6 tests; 44 assertions)
AdminBigAgentWriteClosureTest.php,PASS,OK (3 tests; 19 assertions)
AdminBigNumberModuleTest.php,PASS,OK (3 tests; 16 assertions)
AdminBladeModuleCoverageTest.php,PASS,OK (20 tests; 70 assertions)
AdminBladeUiTest.php,PASS,OK (1 test; 5 assertions)
AdminButtonPermissionVisibilityTest.php,PASS,OK (2 tests; 37 assertions)
AdminCancelApplyApproveMt4ClosureModuleTest.php,PASS,OK (2 tests; 13 assertions)
AdminCancelApplyDataScopeClosureTest.php,PASS,OK (1 test; 11 assertions)
AdminCancelApplyListStatusFilterValidationClosureModuleTest.php,PASS,OK (2 tests; 8 assertions)
AdminChannelsJsCommentReadabilityTest.php,PASS,OK (2 tests; 17 assertions)
AdminCommissionListAgentIdValidationClosureModuleTest.php,PASS,OK (2 tests; 8 assertions)
AdminCommissionListSettleStatusValidationClosureModuleTest.php,PASS,OK (4 tests; 14 assertions)
AdminCommissionsCommentReadabilityTest.php,PASS,OK (2 tests; 40 assertions)
AdminCommissionTransferReconciliationClosureModuleTest.php,KILLED,
AdminConfigCrudPermissionMigrationTest.php,PASS,OK (2 tests; 39 assertions)
AdminCrudUiControlsTest.php,PASS,OK (9 tests; 83 assertions)
AdminDashboardControllerCommentReadabilityTest.php,PASS,OK (1 test; 11 assertions)
AdminDataScopeControllerWiringTest.php,PASS,OK (4 tests; 23 assertions)
AdminDataScopeManagementTest.php,PASS,OK (4 tests; 14 assertions)
AdminDataScopeServiceTest.php,PASS,OK (6 tests; 11 assertions)
AdminDepositListStatusFilterValidationClosureModuleTest.php,PASS,OK (3 tests; 48 assertions)
AdminDepositRequestIdValidationClosureModuleTest.php,PASS,OK (4 tests; 18 assertions)
AdminExchangeRateModuleTest.php,PASS,OK (6 tests; 32 assertions)
AdminFundFlowModuleTest.php,KILLED,
AdminFundModelCommentReadabilityTest.php,PASS,OK (2 tests; 52 assertions)
AdminGiftModuleTest.php,PASS,OK (19 tests; 206 assertions)
AdminGroupConfigRouteIdValidationClosureModuleTest.php,PASS,OK (3 tests; 21 assertions)
AdminGroupConfigValueValidationClosureModuleTest.php,PASS,OK (3 tests; 20 assertions)
AdminLayoutUiModernizationTest.php,PASS,OK (2 tests; 33 assertions)
AdminLegacyAdministratorsClosureModuleTest.php,PASS,OK (7 tests; 49 assertions)
AdminLegacyAgentEditSaveClosureModuleTest.php,PASS,OK (3 tests; 27 assertions)
AdminLegacyAgentStatisticsAdapterTest.php,KILLED,Tests: 13; Assertions: 89; Errors: 1.
AdminLegacyAgentUserSaveClosureModuleTest.php,PASS,OK (5 tests; 19 assertions)
AdminLegacyAmountWithdrawClosureModuleTest.php,PASS,OK (12 tests; 64 assertions)
AdminLegacyBatchWithdrawApplyClosureModuleTest.php,PASS,OK (7 tests; 39 assertions)
AdminLegacyCustApplyApprovalClosureModuleTest.php,PASS,OK (5 tests; 15 assertions)
AdminLegacyFundFlowClosureModuleTest.php,PASS,OK (4 tests; 62 assertions)
AdminLegacyLoginCaptchaClosureTest.php,PASS,OK (5 tests; 25 assertions)
AdminLegacyMigrationGapAuditTest.php,PASS,OK (7 tests; 155 assertions)
AdminLegacyMiscOperationsClosureModuleTest.php,PASS,OK (25 tests; 86 assertions)
AdminLegacyMutationMethodBoundaryClosureTest.php,PASS,OK (9 tests; 36 assertions)
AdminLegacyOrderParentPathClosureModuleTest.php,PASS,OK (6 tests; 43 assertions)
AdminLegacyOrderRiskSearchClosureModuleTest.php,PASS,OK (12 tests; 61 assertions)
AdminLegacyPageRenderClosureModuleTest.php,PASS,OK (58 tests; 119 assertions)
AdminModulesClosureTest.php,PASS,OK (50 tests; 51 assertions)
AdminAgentStatsDataScopeTest.php,PASS,OK (4 tests; 33 assertions)
AdminCommissionTransferReconciliationClosureModuleTest.php,PASS,OK (9 tests; 159 assertions)
AdminFundFlowModuleTest.php,PASS,OK (8 tests; 71 assertions)
AdminLegacyAgentStatisticsAdapterTest.php,PASS,OK (13 tests; 89 assertions)
AdminNeverDepositUserListUserIdValidationClosureModuleTest.php,PASS,OK (2 tests; 8 assertions)
AdminOnlineUserListUserIdValidationClosureModuleTest.php,PASS,OK (2 tests; 8 assertions)
AdminPageMenuPermissionCoverageTest.php,PASS,OK (1 test; 2 assertions)
AdminPaymentChannelControllerCommentReadabilityTest.php,PASS,OK (1 test; 34 assertions)
AdminPaymentChannelToggleModuleTest.php,PASS,OK (14 tests; 47 assertions)
AdminPermissionNameReferenceDocumentationTest.php,PASS,OK (1 test; 1121 assertions)
AdminPermissionNameReferenceRowCompletenessTest.php,PASS,OK (1 test; 2441 assertions)
AdminPermissionPlanTest.php,PASS,OK (4 tests; 9 assertions)
AdminPositionSummaryRiskDrilldownClosureModuleTest.php,PASS,OK (3 tests; 28 assertions)
AdminProductionModuleTest.php,PASS,OK (12 tests; 95 assertions)
AdminProfileInfoOwnerBoundaryClosureModuleTest.php,PASS,OK (2 tests; 14 assertions)
AdminProfileUpdateOwnerBoundaryClosureModuleTest.php,PASS,OK (3 tests; 23 assertions)
AdminProtectedRoutePermissionClosureModuleTest.php,PASS,OK (4 tests; 420 assertions)
AdminUserExportModuleTest.php,PASS,OK (6 tests; 37 assertions)
AdminUserGroupCompatibilityTest.php,PASS,OK (2 tests; 8 assertions)
AdminUserListExportAccountTypeValidationClosureModuleTest.php,PASS,OK (3 tests; 15 assertions)
AdminUsersDetailCommentReadabilityTest.php,PASS,OK (2 tests; 33 assertions)
AdminUserStatsModuleTest.php,PASS,OK (2 tests; 28 assertions)
AdminUserUpdateAuthAndBankClosureModuleTest.php,PASS,OK (5 tests; 31 assertions)
AdminUserUpdateEmailClosureModuleTest.php,PASS,OK (3 tests; 16 assertions)
AdminUserUpdateLegacyLocalProfileClosureModuleTest.php,PASS,OK (4 tests; 20 assertions)
AdminUserUpdateMt4SyncClosureModuleTest.php,PASS,OK (4 tests; 28 assertions)
AdminUserUpdateParentAgentClosureModuleTest.php,PASS,OK (5 tests; 27 assertions)
AdminUserUpdatePasswordClosureModuleTest.php,PASS,OK (4 tests; 24 assertions)
AdminUserUpdateUserIdValidationClosureModuleTest.php,PASS,OK (2 tests; 10 assertions)
AdminVoucherRouteIdValidationClosureModuleTest.php,PASS,OK (3 tests; 19 assertions)
AdminWhsExpZeroModuleTest.php,PASS,OK (3 tests; 24 assertions)
AdminWhsExpZeroUserIdValidationClosureModuleTest.php,PASS,OK (4 tests; 19 assertions)
AdminWithdrawalFundingStateMachineClosureModuleTest.php,PASS,OK (10 tests; 34 assertions)
AdminWithdrawalsCommentReadabilityTest.php,PASS,OK (2 tests; 32 assertions)
AdminWithdrawFlowUserIdValidationClosureModuleTest.php,PASS,OK (3 tests; 13 assertions)
AdminWithdrawListUserIdValidationClosureModuleTest.php,PASS,OK (2 tests; 8 assertions)
AdminZhCnLanguageReadabilityTest.php,PASS,OK (2 tests; 25 assertions)
BladeLocalAssetReferenceTest.php,PASS,OK (1 test; 1 assertion)
BladeRouteAliasCompatibilityTest.php,PASS,OK (2 tests; 66 assertions)
CommissionControllerCommentReadabilityTest.php,PASS,OK (1 test; 14 assertions)
CommissionTransferSagaDispatchClosureModuleTest.php,PASS,OK (4 tests; 14 assertions)
CommissionTransferSagaServiceTest.php,KILLED,
CrmUiBusinessCodeContractTest.php,PASS,OK (17 tests; 673 assertions)
CrmUiPriorityWorkflowTest.php,PASS,OK (19 tests; 822 assertions)
CrmUiStackTest.php,PASS,OK (4 tests; 443 assertions)
DispatchPendingDepositSettlementsCommandClosureModuleTest.php,PASS,OK (1 test; 3 assertions)
DispatchPendingWithdrawSettlementsCommandClosureModuleTest.php,PASS,OK (2 tests; 20 assertions)
DualUiFamilyDesignContractTest.php,PASS,OK (4 tests; 33 assertions)
FrontAccountProfileOwnerBoundaryClosureModuleTest.php,PASS,OK (5 tests; 51 assertions)
FrontAuthRegistrationLoginClosureTest.php,PASS,OK (9 tests; 39 assertions)
CommissionTransferSagaServiceTest.php,KILLED,
FrontBusinessModulesClosureTest.php,PASS,OK (21 tests; 42 assertions)
FrontDepositPaymentOrderIdempotencyClosureModuleTest.php,KILLED,
FrontDirectCustomerDetailApplicantBoundaryClosureModuleTest.php,PASS,OK (2 tests; 8 assertions)
FrontendRouteManifestTest.php,PASS,OK (17 tests; 54 assertions)
FrontFlowDirectAgentApplicantBoundaryClosureModuleTest.php,PASS,OK (3 tests; 22 assertions)
FrontFlowDownloadFileApplicantBoundaryClosureModuleTest.php,PASS,OK (3 tests; 9 assertions)
FrontFlowOwnScopeOwnerBoundaryClosureModuleTest.php,PASS,OK (4 tests; 41 assertions)
FrontForgotPasswordPageClosureTest.php,PASS,OK (2 tests; 9 assertions)
FrontForgotPasswordSecurityClosureModuleTest.php,PASS,OK (11 tests; 55 assertions)
FrontGiftAddressTransactionClosureModuleTest.php,PASS,OK (2 tests; 8 assertions)
FrontGiftShipmentOwnerBoundaryClosureModuleTest.php,PASS,OK (4 tests; 23 assertions)
FrontLegacyAgentPositionSummaryClosureModuleTest.php,PASS,OK (7 tests; 48 assertions)
FrontLegacyAuthenticationBoundaryClosureModuleTest.php,PASS,OK (12 tests; 208 assertions)
FrontLegacyCommissionSummaryClosureModuleTest.php,PASS,OK (5 tests; 29 assertions)
FrontLegacyDashboardWiringClosureModuleTest.php,PASS,OK (6 tests; 68 assertions)
FrontLegacyDepositRequestClosureModuleTest.php,PASS,OK (6 tests; 26 assertions)
FrontLegacyDirectCustomerInfoDataContractClosureModuleTest.php,PASS,OK (4 tests; 50 assertions)
FrontLegacyGiftAddressClosureModuleTest.php,PASS,OK (8 tests; 40 assertions)
FrontLegacyLoginPageSessionClosureModuleTest.php,PASS,OK (4 tests; 31 assertions)
FrontLegacyMaintenanceRuntimeClosureModuleTest.php,PASS,OK (25 tests; 121 assertions)
FrontLegacyPaymentFormIntentClosureModuleTest.php,PASS,OK (6 tests; 76 assertions)
FrontLegacyPositionSummary2ClosureModuleTest.php,PASS,OK (1 test; 13 assertions)
FrontLegacyProfilePageClosureModuleTest.php,PASS,OK (3 tests; 100 assertions)
FrontLegacyProfileVerificationLifecycleClosureModuleTest.php,PASS,OK (10 tests; 57 assertions)
FrontLegacyRouteCompatibilityTest.php,PASS,OK (14 tests; 1337 assertions)
FrontMenuPermissionRouteConsistencyTest.php,PASS,OK (1 test; 2 assertions)
FrontNewsTranslationSoftDeleteClosureModuleTest.php,PASS,OK (5 tests; 27 assertions)
FrontOrderDetailOwnerBoundaryClosureModuleTest.php,PASS,OK (4 tests; 18 assertions)
FrontPaymentCallbackStateMachineClosureModuleTest.php,PASS,OK (25 tests; 80 assertions)
FrontPaymentFakeProviderSmokeTest.php,PASS,OK (2 tests; 17 assertions)
FrontPositionSummaryChainScopeFallbackModuleTest.php,PASS,OK (2 tests; 13 assertions)
FrontPositionSummaryScopeFallbackModuleTest.php,PASS,OK (2 tests; 13 assertions)
FrontProfileAvatarOwnerBoundaryClosureModuleTest.php,PASS,OK (4 tests; 22 assertions)
FrontProfileBankChangeSubmitOwnerBoundaryClosureModuleTest.php,PASS,OK (3 tests; 34 assertions)
FrontProfileClosureTest.php,PASS,OK (5 tests; 16 assertions)
FrontProfileContactInfoOwnerBoundaryClosureModuleTest.php,PASS,OK (5 tests; 26 assertions)
FrontProfileControllerCommentReadabilityTest.php,PASS,OK (2 tests; 51 assertions)
FrontProfileModernContactChangeOwnerBoundaryClosureModuleTest.php,PASS,OK (5 tests; 27 assertions)
FrontProfilePasswordOwnerBoundaryClosureModuleTest.php,PASS,OK (8 tests; 45 assertions)
FrontProfileRemotePasswordVerificationClosureModuleTest.php,PASS,OK (5 tests; 37 assertions)
FrontProfileUpdateVerificationCodeOwnerBoundaryClosureModuleTest.php,PASS,OK (3 tests; 18 assertions)
FrontUiRegressionTest.php,PASS,OK (116 tests; 2228 assertions)
FrontUploadSessionCompatibilityTest.php,PASS,OK (1 test; 4 assertions)
FrontUserLoginHistoryOwnerBoundaryClosureModuleTest.php,PASS,OK (3 tests; 31 assertions)
FrontWithdrawalFundingSchemaClosureModuleTest.php,KILLED,
FrontWithdrawIdempotencyJavascriptClosureModuleTest.php,KILLED,
FrontWithdrawOwnerBoundaryClosureModuleTest.php,PASS,OK (6 tests; 35 assertions)
InitialDataSeederTableContractTest.php,PASS,OK (1 test; 27 assertions)
LegacyRouteExporterScriptTest.php,PASS,OK (1 test; 8 assertions)
LegacyUiReplacementCoverageTest.php,PASS,OK (64 tests; 448 assertions)
