序号,文件夹,界面端,UI家族,页面ID,效果图路由,图片文件
0001,front/layui,front,Layui,login,/ui/front?page=login,front/layui/0001__front__login.png
0002,front/layui,front,Layui,register,/ui/front?page=register,front/layui/0002__front__register.png
0003,front/layui,front,Layui,forgot-password,/ui/front?page=forgot-password,front/layui/0003__front__forgot-password.png
0004,front/layui,front,Layui,big-number-login,/ui/front?page=big-number-login,front/layui/0004__front__big-number-login.png
0005,front/layui,front,Layui,dashboard,/ui/front?page=dashboard,front/layui/0005__front__dashboard.png
0006,front/layui,front,Layui,profile,/ui/front?page=profile,front/layui/0006__front__profile.png
0007,front/layui,front,Layui,profile-edit,/ui/front?page=profile-edit,front/layui/0007__front__profile-edit.png
0008,front/layui,front,Layui,profile-password,/ui/front?page=profile-password,front/layui/0008__front__profile-password.png
0009,front/layui,front,Layui,profile-email,/ui/front?page=profile-email,front/layui/0009__front__profile-email.png
0010,front/layui,front,Layui,account-info,/ui/front?page=account-info,front/layui/0010__front__account-info.png
0011,front/layui,front,Layui,account-balance,/ui/front?page=account-balance,front/layui/0011__front__account-balance.png
0012,front/layui,front,Layui,account-voucher,/ui/front?page=account-voucher,front/layui/0012__front__account-voucher.png
0013,front/layui,front,Layui,account-cancel,/ui/front?page=account-cancel,front/layui/0013__front__account-cancel.png
0014,front/layui,front,Layui,deposit,/ui/front?page=deposit,front/layui/0014__front__deposit.png
0015,front/layui,front,Layui,withdraw,/ui/front?page=withdraw,front/layui/0015__front__withdraw.png
0016,front/layui,front,Layui,flow,/ui/front?page=flow,front/layui/0016__front__flow.png
0017,front/layui,front,Layui,position-summary,/ui/front?page=position-summary,front/layui/0017__front__position-summary.png
0018,front/layui,front,Layui,position-summary2,/ui/front?page=position-summary2,front/layui/0018__front__position-summary2.png
0019,front/layui,front,Layui,order-open,/ui/front?page=order-open,front/layui/0019__front__order-open.png
0020,front/layui,front,Layui,order-closed,/ui/front?page=order-closed,front/layui/0020__front__order-closed.png
0021,front/layui,front,Layui,agent-sub,/ui/front?page=agent-sub,front/layui/0021__front__agent-sub.png
0022,front/layui,front,Layui,agent-customers,/ui/front?page=agent-customers,front/layui/0022__front__agent-customers.png
0023,front/layui,front,Layui,agent-customer-detail,/ui/front?page=agent-customer-detail,front/layui/0023__front__agent-customer-detail.png
0024,front/layui,front,Layui,agent-confirm,/ui/front?page=agent-confirm,front/layui/0024__front__agent-confirm.png
0025,front/layui,front,Layui,agent-group-change,/ui/front?page=agent-group-change,front/layui/0025__front__agent-group-change.png
0026,front/layui,front,Layui,commission-realtime,/ui/front?page=commission-realtime,front/layui/0026__front__commission-realtime.png
0027,front/layui,front,Layui,commission-history,/ui/front?page=commission-history,front/layui/0027__front__commission-history.png
0028,front/layui,front,Layui,commission-transfer,/ui/front?page=commission-transfer,front/layui/0028__front__commission-transfer.png
0029,front/layui,front,Layui,gift-address,/ui/front?page=gift-address,front/layui/0029__front__gift-address.png
0030,front/layui,front,Layui,gift-list,/ui/front?page=gift-list,front/layui/0030__front__gift-list.png
0031,front/layui,front,Layui,news,/ui/front?page=news,front/layui/0031__front__news.png
0032,front/layui,front,Layui,news-detail,/ui/front?page=news-detail,front/layui/0032__front__news-detail.png
0033,front/crmui,front-crmui,CrmUI,login,/ui/front-crmui?page=login,front/crmui/0033__front-crmui__login.png
0034,front/crmui,front-crmui,CrmUI,register,/ui/front-crmui?page=register,front/crmui/0034__front-crmui__register.png
0035,front/crmui,front-crmui,CrmUI,forgot-password,/ui/front-crmui?page=forgot-password,front/crmui/0035__front-crmui__forgot-password.png
0036,front/crmui,front-crmui,CrmUI,big-number-login,/ui/front-crmui?page=big-number-login,front/crmui/0036__front-crmui__big-number-login.png
0037,front/crmui,front-crmui,CrmUI,dashboard,/ui/front-crmui?page=dashboard,front/crmui/0037__front-crmui__dashboard.png
0038,front/crmui,front-crmui,CrmUI,deposit,/ui/front-crmui?page=deposit,front/crmui/0038__front-crmui__deposit.png
0039,front/crmui,front-crmui,CrmUI,deposit-v2,/ui/front-crmui?page=deposit-v2,front/crmui/0039__front-crmui__deposit-v2.png
0040,front/crmui,front-crmui,CrmUI,withdraw,/ui/front-crmui?page=withdraw,front/crmui/0040__front-crmui__withdraw.png
0041,front/crmui,front-crmui,CrmUI,flow,/ui/front-crmui?page=flow,front/crmui/0041__front-crmui__flow.png
0042,front/crmui,front-crmui,CrmUI,profile,/ui/front-crmui?page=profile,front/crmui/0042__front-crmui__profile.png
0043,front/crmui,front-crmui,CrmUI,profile-v2,/ui/front-crmui?page=profile-v2,front/crmui/0043__front-crmui__profile-v2.png
0044,front/crmui,front-crmui,CrmUI,profile-edit,/ui/front-crmui?page=profile-edit,front/crmui/0044__front-crmui__profile-edit.png
0045,front/crmui,front-crmui,CrmUI,profile-password,/ui/front-crmui?page=profile-password,front/crmui/0045__front-crmui__profile-password.png
0046,front/crmui,front-crmui,CrmUI,gift-list,/ui/front-crmui?page=gift-list,front/crmui/0046__front-crmui__gift-list.png
0047,front/crmui,front-crmui,CrmUI,news,/ui/front-crmui?page=news,front/crmui/0047__front-crmui__news.png
0048,front/crmui/big-agent,big-agent,CrmUI 大代理入口,login,/ui/big-agent?page=login,front/crmui/big-agent/0048__big-agent__login.png
0049,front/crmui/big-agent,big-agent,CrmUI 大代理入口,dashboard,/ui/big-agent?page=dashboard,front/crmui/big-agent/0049__big-agent__dashboard.png
0050,front/crmui/big-agent,big-agent,CrmUI 大代理入口,proxies,/ui/big-agent?page=proxies,front/crmui/big-agent/0050__big-agent__proxies.png
0051,front/crmui/big-agent,big-agent,CrmUI 大代理入口,positions,/ui/big-agent?page=positions,front/crmui/big-agent/0051__big-agent__positions.png
0052,front/crmui/big-agent,big-agent,CrmUI 大代理入口,orders-open,/ui/big-agent?page=orders-open,front/crmui/big-agent/0052__big-agent__orders-open.png
0053,front/crmui/big-agent,big-agent,CrmUI 大代理入口,orders-closed,/ui/big-agent?page=orders-closed,front/crmui/big-agent/0053__big-agent__orders-closed.png
0054,front/crmui/big-agent,big-agent,CrmUI 大代理入口,password,/ui/big-agent?page=password,front/crmui/big-agent/0054__big-agent__password.png
0055,admin/layui,admin,Layui,login,/ui/admin?page=login,admin/layui/0055__admin__login.png
0056,admin/layui,admin,Layui,dashboard,/ui/admin?page=dashboard,admin/layui/0056__admin__dashboard.png
0057,admin/layui,admin,Layui,users,/ui/admin?page=users,admin/layui/0057__admin__users.png
0058,admin/layui,admin,Layui,user-detail,/ui/admin?page=user-detail,admin/layui/0058__admin__user-detail.png
0059,admin/layui,admin,Layui,agents,/ui/admin?page=agents,admin/layui/0059__admin__agents.png
0060,admin/layui,admin,Layui,online-users,/ui/admin?page=online-users,admin/layui/0060__admin__online-users.png
0061,admin/layui,admin,Layui,big-agents,/ui/admin?page=big-agents,admin/layui/0061__admin__big-agents.png
0062,admin/layui,admin,Layui,agent-levels,/ui/admin?page=agent-levels,admin/layui/0062__admin__agent-levels.png
0063,admin/layui,admin,Layui,group-configs,/ui/admin?page=group-configs,admin/layui/0063__admin__group-configs.png
0064,admin/layui,admin,Layui,authentications,/ui/admin?page=authentications,admin/layui/0064__admin__authentications.png
0065,admin/layui,admin,Layui,authentication-detail,/ui/admin?page=authentication-detail,admin/layui/0065__admin__authentication-detail.png
0066,admin/layui,admin,Layui,blacklist,/ui/admin?page=blacklist,admin/layui/0066__admin__blacklist.png
0067,admin/layui,admin,Layui,cancel-applies,/ui/admin?page=cancel-applies,admin/layui/0067__admin__cancel-applies.png
0068,admin/layui,admin,Layui,deposits,/ui/admin?page=deposits,admin/layui/0068__admin__deposits.png
0069,admin/layui,admin,Layui,deposit-imports,/ui/admin?page=deposit-imports,admin/layui/0069__admin__deposit-imports.png
0070,admin/layui,admin,Layui,withdrawals,/ui/admin?page=withdrawals,admin/layui/0070__admin__withdrawals.png
0071,admin/layui,admin,Layui,withdraw-pending,/ui/admin?page=withdraw-pending,admin/layui/0071__admin__withdraw-pending.png
0072,admin/layui,admin,Layui,withdraw-processing,/ui/admin?page=withdraw-processing,admin/layui/0072__admin__withdraw-processing.png
0073,admin/layui,admin,Layui,withdraw-completed,/ui/admin?page=withdraw-completed,admin/layui/0073__admin__withdraw-completed.png
0074,admin/layui,admin,Layui,withdraw-failed,/ui/admin?page=withdraw-failed,admin/layui/0074__admin__withdraw-failed.png
0075,admin/layui,admin,Layui,withdraw-imports,/ui/admin?page=withdraw-imports,admin/layui/0075__admin__withdraw-imports.png
0076,admin/layui,admin,Layui,withdraw-flows,/ui/admin?page=withdraw-flows,admin/layui/0076__admin__withdraw-flows.png
0077,admin/layui,admin,Layui,undeposit-flows,/ui/admin?page=undeposit-flows,admin/layui/0077__admin__undeposit-flows.png
0078,admin/layui,admin,Layui,vouchers,/ui/admin?page=vouchers,admin/layui/0078__admin__vouchers.png
0079,admin/layui,admin,Layui,exchange-rates,/ui/admin?page=exchange-rates,admin/layui/0079__admin__exchange-rates.png
0080,admin/layui,admin,Layui,channels,/ui/admin?page=channels,admin/layui/0080__admin__channels.png
0081,admin/layui,admin,Layui,rights-summary,/ui/admin?page=rights-summary,admin/layui/0081__admin__rights-summary.png
0082,admin/layui,admin,Layui,position-summary,/ui/admin?page=position-summary,admin/layui/0082__admin__position-summary.png
0083,admin/layui,admin,Layui,trades,/ui/admin?page=trades,admin/layui/0083__admin__trades.png
0084,admin/layui,admin,Layui,risk,/ui/admin?page=risk,admin/layui/0084__admin__risk.png
0085,admin/layui,admin,Layui,whs-exp-zero,/ui/admin?page=whs-exp-zero,admin/layui/0085__admin__whs-exp-zero.png
0086,admin/layui,admin,Layui,productions,/ui/admin?page=productions,admin/layui/0086__admin__productions.png
0087,admin/layui,admin,Layui,commissions,/ui/admin?page=commissions,admin/layui/0087__admin__commissions.png
0088,admin/layui,admin,Layui,realtime-commissions,/ui/admin?page=realtime-commissions,admin/layui/0088__admin__realtime-commissions.png
0089,admin/layui,admin,Layui,credit-imports,/ui/admin?page=credit-imports,admin/layui/0089__admin__credit-imports.png
0090,admin/layui,admin,Layui,roles,/ui/admin?page=roles,admin/layui/0090__admin__roles.png
0091,admin/layui,admin,Layui,permissions,/ui/admin?page=permissions,admin/layui/0091__admin__permissions.png
0092,admin/layui,admin,Layui,menus,/ui/admin?page=menus,admin/layui/0092__admin__menus.png
0093,admin/layui,admin,Layui,data-scopes,/ui/admin?page=data-scopes,admin/layui/0093__admin__data-scopes.png
0094,admin/layui,admin,Layui,admins,/ui/admin?page=admins,admin/layui/0094__admin__admins.png
0095,admin/layui,admin,Layui,system-configs,/ui/admin?page=system-configs,admin/layui/0095__admin__system-configs.png
0096,admin/layui,admin,Layui,news,/ui/admin?page=news,admin/layui/0096__admin__news.png
0097,admin/layui,admin,Layui,gifts,/ui/admin?page=gifts,admin/layui/0097__admin__gifts.png
0098,admin/layui,admin,Layui,profile-edit,/ui/admin?page=profile-edit,admin/layui/0098__admin__profile-edit.png
0099,admin/layui,admin,Layui,profile-password,/ui/admin?page=profile-password,admin/layui/0099__admin__profile-password.png
0100,admin/crmui,admin-crmui,CrmUI,login,/ui/admin-crmui?page=login,admin/crmui/0100__admin-crmui__login.png
0101,admin/crmui,admin-crmui,CrmUI,dashboard,/ui/admin-crmui?page=dashboard,admin/crmui/0101__admin-crmui__dashboard.png
0102,admin/crmui,admin-crmui,CrmUI,users,/ui/admin-crmui?page=users,admin/crmui/0102__admin-crmui__users.png
0103,admin/crmui,admin-crmui,CrmUI,user-detail,/ui/admin-crmui?page=user-detail,admin/crmui/0103__admin-crmui__user-detail.png
0104,admin/crmui,admin-crmui,CrmUI,agents,/ui/admin-crmui?page=agents,admin/crmui/0104__admin-crmui__agents.png
0105,admin/crmui,admin-crmui,CrmUI,online-users,/ui/admin-crmui?page=online-users,admin/crmui/0105__admin-crmui__online-users.png
0106,admin/crmui,admin-crmui,CrmUI,big-agents,/ui/admin-crmui?page=big-agents,admin/crmui/0106__admin-crmui__big-agents.png
0107,admin/crmui,admin-crmui,CrmUI,agent-levels,/ui/admin-crmui?page=agent-levels,admin/crmui/0107__admin-crmui__agent-levels.png
0108,admin/crmui,admin-crmui,CrmUI,group-configs,/ui/admin-crmui?page=group-configs,admin/crmui/0108__admin-crmui__group-configs.png
0109,admin/crmui,admin-crmui,CrmUI,authentications,/ui/admin-crmui?page=authentications,admin/crmui/0109__admin-crmui__authentications.png
0110,admin/crmui,admin-crmui,CrmUI,blacklist,/ui/admin-crmui?page=blacklist,admin/crmui/0110__admin-crmui__blacklist.png
0111,admin/crmui,admin-crmui,CrmUI,cancel-applies,/ui/admin-crmui?page=cancel-applies,admin/crmui/0111__admin-crmui__cancel-applies.png
0112,admin/crmui,admin-crmui,CrmUI,deposits,/ui/admin-crmui?page=deposits,admin/crmui/0112__admin-crmui__deposits.png
0113,admin/crmui,admin-crmui,CrmUI,deposit-imports,/ui/admin-crmui?page=deposit-imports,admin/crmui/0113__admin-crmui__deposit-imports.png
0114,admin/crmui,admin-crmui,CrmUI,withdrawals,/ui/admin-crmui?page=withdrawals,admin/crmui/0114__admin-crmui__withdrawals.png
0115,admin/crmui,admin-crmui,CrmUI,withdraw-imports,/ui/admin-crmui?page=withdraw-imports,admin/crmui/0115__admin-crmui__withdraw-imports.png
0116,admin/crmui,admin-crmui,CrmUI,withdraw-flows,/ui/admin-crmui?page=withdraw-flows,admin/crmui/0116__admin-crmui__withdraw-flows.png
0117,admin/crmui,admin-crmui,CrmUI,undeposit-flows,/ui/admin-crmui?page=undeposit-flows,admin/crmui/0117__admin-crmui__undeposit-flows.png
0118,admin/crmui,admin-crmui,CrmUI,vouchers,/ui/admin-crmui?page=vouchers,admin/crmui/0118__admin-crmui__vouchers.png
0119,admin/crmui,admin-crmui,CrmUI,exchange-rates,/ui/admin-crmui?page=exchange-rates,admin/crmui/0119__admin-crmui__exchange-rates.png
0120,admin/crmui,admin-crmui,CrmUI,channels,/ui/admin-crmui?page=channels,admin/crmui/0120__admin-crmui__channels.png
0121,admin/crmui,admin-crmui,CrmUI,rights-summary,/ui/admin-crmui?page=rights-summary,admin/crmui/0121__admin-crmui__rights-summary.png
0122,admin/crmui,admin-crmui,CrmUI,position-summary,/ui/admin-crmui?page=position-summary,admin/crmui/0122__admin-crmui__position-summary.png
0123,admin/crmui,admin-crmui,CrmUI,trades,/ui/admin-crmui?page=trades,admin/crmui/0123__admin-crmui__trades.png
0124,admin/crmui,admin-crmui,CrmUI,risk,/ui/admin-crmui?page=risk,admin/crmui/0124__admin-crmui__risk.png
0125,admin/crmui,admin-crmui,CrmUI,whs-exp-zero,/ui/admin-crmui?page=whs-exp-zero,admin/crmui/0125__admin-crmui__whs-exp-zero.png
0126,admin/crmui,admin-crmui,CrmUI,productions,/ui/admin-crmui?page=productions,admin/crmui/0126__admin-crmui__productions.png
0127,admin/crmui,admin-crmui,CrmUI,commissions,/ui/admin-crmui?page=commissions,admin/crmui/0127__admin-crmui__commissions.png
0128,admin/crmui,admin-crmui,CrmUI,realtime-commissions,/ui/admin-crmui?page=realtime-commissions,admin/crmui/0128__admin-crmui__realtime-commissions.png
0129,admin/crmui,admin-crmui,CrmUI,credit-imports,/ui/admin-crmui?page=credit-imports,admin/crmui/0129__admin-crmui__credit-imports.png
0130,admin/crmui,admin-crmui,CrmUI,roles,/ui/admin-crmui?page=roles,admin/crmui/0130__admin-crmui__roles.png
0131,admin/crmui,admin-crmui,CrmUI,permissions,/ui/admin-crmui?page=permissions,admin/crmui/0131__admin-crmui__permissions.png
0132,admin/crmui,admin-crmui,CrmUI,menus,/ui/admin-crmui?page=menus,admin/crmui/0132__admin-crmui__menus.png
0133,admin/crmui,admin-crmui,CrmUI,data-scopes,/ui/admin-crmui?page=data-scopes,admin/crmui/0133__admin-crmui__data-scopes.png
0134,admin/crmui,admin-crmui,CrmUI,system-configs,/ui/admin-crmui?page=system-configs,admin/crmui/0134__admin-crmui__system-configs.png
0135,admin/crmui,admin-crmui,CrmUI,news,/ui/admin-crmui?page=news,admin/crmui/0135__admin-crmui__news.png
0136,admin/crmui,admin-crmui,CrmUI,gifts,/ui/admin-crmui?page=gifts,admin/crmui/0136__admin-crmui__gifts.png
